科目名,科目ページURL,前期／後期,開講曜日,開講時限,担当教員
アジア文化史１,29534,0,2,1,志賀　美和子
アジア文化史２,29535,1,2,1,志賀　美和子
アジア史概説１,29508,0,2,2,多田　麻希子
アジア史概説２,29509,1,2,2,多田　麻希子
アジア思想特殊講義１,29021,1,1,3,三田村　圭子
アジア思想特殊講義２,29023,1,4,2,朴　賢珍
アジア思想特殊講義３,29025,1,2,2,矢口　直英
アジア文化研究１,27455,0,3,2,蓮池　隆広
アジア文化研究２,27456,1,3,2,蓮池　隆広
アドバンストスポーツ（アクアスポーツ）,13145,1,3,2,時任　真一郎
アドバンストスポーツ（サッカー）,13146,1,1,3,有山　逸平
アドバンストスポーツ（サッカー）,13147,0,2,3,古賀　初
アドバンストスポーツ（ゴルフ）,13148,1,2,3,古賀　初
アドバンストスポーツ（バレーボール）,13149,0,3,4,後藤　肇
アドバンストスポーツ（バスケットボール）,13150,0,3,3,望月　康司
アドバンストスポーツ（バスケットボール）,13151,1,3,3,後藤　肇
アドバンストスポーツ（バレーボール）,13152,0,1,2,吉田　清司
アドバンストスポーツ（ＰＦＣ）,13153,0,2,3,小西　康仁
アドバンストスポーツ（サッカー）,13154,1,3,3,李　宇ヨン
アドバンストスポーツ（テニス）,13155,1,4,3,栗林　千聡
アドバンストスポーツ（バドミントン）,13156,0,1,3,渡辺　英次
アドバンストスポーツ（バドミントン）,13157,0,4,3,渡辺　英次
アドバンストスポーツ（サッカー）,13158,1,4,3,檜山　康
アドバンストスポーツ（バスケットボール）,13159,0,5,2,樋口　和洋
アドバンストスポーツ（バドミントン）,13160,1,1,3,渡辺　英次
アドバンストスポーツ（バレーボール）,13161,0,5,4,鈴木　淳平
アドバンストスポーツ（バスケットボール）,13162,1,2,3,有山　逸平
アドバンストスポーツ（バドミントン）,13163,1,4,3,渡辺　英次
アドバンストスポーツ（バレーボール）,13164,1,5,4,鈴木　淳平
アドバンストスポーツ（バレーボール）,13165,1,1,2,吉田　清司
アドバンストスポーツ（集中授業スキー）,13166,1,,,平田　大輔
Advanced English a,14559,0,1,2,佐藤　弘明
Advanced English a,14561,0,1,3,中村　政徳
Advanced English a,14563,0,2,1,サマービル，ジェイソン
Advanced English a,14565,0,2,2,藤田　眞理子
Advanced English a,14567,0,2,3,三ツ谷　直子
Advanced English a,14569,0,2,4,三ツ谷　直子
Advanced English a,14571,0,3,2,宮澤　信彦
Advanced English a,14573,0,4,1,宮田　宗彦
Advanced English a,14575,0,4,2,金森　成美
Advanced English a,14577,0,4,3,ハートリ，ライアン
Advanced English a,14579,0,2,3,甲斐　絵理
Advanced English a,14581,0,5,1,三田　良平
Advanced English a,14583,0,5,2,上原　岳
Advanced English a,14585,0,5,4,光本　希勇
Advanced English b,14560,1,1,2,佐藤　弘明
Advanced English b,14562,1,1,3,中村　政徳
Advanced English b,14564,1,2,1,サマービル，ジェイソン
Advanced English b,14566,1,2,2,藤田　眞理子
Advanced English b,14568,1,2,3,三ツ谷　直子
Advanced English b,14570,1,2,4,三ツ谷　直子
Advanced English b,14572,1,3,2,宮澤　信彦
Advanced English b,14574,1,4,1,宮田　宗彦
Advanced English b,14576,1,4,2,金森　成美
Advanced English b,14578,1,4,3,ハートリ，ライアン
Advanced English b,14580,1,2,3,甲斐　絵理
Advanced English b,14582,1,5,1,三田　良平
Advanced English b,14584,1,5,2,上原　岳
Advanced English b,14586,1,5,4,光本　希勇
あなたと自然科学,12305,0,3,5,仲澤　伸子
あなたと自然科学,12306,0,3,5,小田切　健太
あなたと自然科学,12308,0,5,5,佐藤　暢
アニメーション論,30574,1,3,2,松本　淳
アメリカの人種と政治１,29570,0,3,4,南　修平
アメリカの人種と政治２,29571,1,3,4,南　修平
アメリカの歴史と文化１,28190,0,2,5,宮津　多美子
アメリカの歴史と文化２,28191,1,2,5,宮津　多美子
アメリカ文学の世界,28170,0,3,1,中垣　恒太郎
アーカイブ概論,30609,1,2,5,野口　武悟
アーカイブ政策,30615,1,1,2,中和　正彦
アーカイブ総合実習,30639,1,6,1,野口　武悟
アーカイブ発達史,30614,1,5,3,荻原　和樹
アーカイブ法制,30618,1,5,1,鈴木　親彦
アーカイブマネジメント,30619,0,5,1,山崎　隆広
アーカイブ特講,30638,0,4,3,三木　由希子
生きることの日本近代史１,29550,0,1,2,廣川　和花
生きることの日本近代史２,29552,1,1,2,廣川　和花
イギリス文学の世界,28168,0,3,5,道家　英穂
イスラム思想史,29024,0,2,2,矢口　直英
イスラーム史１,29583,0,1,4,松尾　有里子
イスラーム史２,29584,1,1,4,松尾　有里子
一般日本事情１,16740,0,1,4,宇佐美　洋
一般日本事情１,16742,0,2,4,孔　令玉
一般日本事情２,16741,1,1,4,宇佐美　洋
一般日本事情２,16743,1,2,4,孔　令玉
異文化コミュニケーション,28196,1,2,1,上村　妙子
異文化理解の人類学,11853,0,3,5,洪　賢秀
異文化理解の人類学,11854,0,3,4,洪　賢秀
異文化理解の人類学,11855,1,1,2,工藤　由美
異文化理解の人類学,11856,1,3,4,洪　賢秀
English Speaking a,14511,0,1,1,ヒース，ダグラス　Ｒ．
English Speaking a,14513,0,1,3,ヒース，ダグラス　Ｒ．
English Speaking a,14515,0,1,3,カレン，ブライアン　Ｓ．
English Speaking a,14517,0,1,4,ヒース，ダグラス　Ｒ．
English Speaking a,14519,0,2,1,ローズ，ミーガン　Ｃ．
English Speaking a,14521,0,2,2,サマービル，ジェイソン
English Speaking a,14523,0,2,2,ローズ，ミーガン　Ｃ．
English Speaking a,14525,0,2,3,サマービル，ジェイソン
English Speaking a,14527,0,2,3,ローズ，ミーガン　Ｃ．
English Speaking a,14529,0,2,4,サマービル，ジェイソン
English Speaking a,14531,0,2,4,ダフ，ブライアン
English Speaking a,14533,0,4,1,スロボッドニウク，アダム　Ｊ．
English Speaking a,14535,0,4,2,スロボッドニウク，アダム　Ｊ．
English Speaking a,14537,0,4,2,ロッケルマン，ジョン　Ｌ．
English Speaking a,14539,0,4,2,ライアン，ケビン
English Speaking a,14541,0,4,3,スロボッドニウク，アダム　Ｊ．
English Speaking a,14543,0,4,3,ロッケルマン，ジョン　Ｌ．
English Speaking a,14545,0,4,4,スロボッドニウク，アダム　Ｊ．
English Speaking a,14547,0,5,2,ダフ，ブライアン
English Speaking a,14549,0,5,3,カレン，ブライアン　Ｓ．
English Speaking a,14551,0,5,4,ダフ，ブライアン
English Speaking b,14512,1,1,1,ヒース，ダグラス　Ｒ．
English Speaking b,14514,1,1,3,ヒース，ダグラス　Ｒ．
English Speaking b,14516,1,1,3,カレン，ブライアン　Ｓ．
English Speaking b,14518,1,1,4,ヒース，ダグラス　Ｒ．
English Speaking b,14520,1,2,1,ローズ，ミーガン　Ｃ．
English Speaking b,14522,1,2,2,サマービル，ジェイソン
English Speaking b,14524,1,2,2,ローズ，ミーガン　Ｃ．
English Speaking b,14526,1,2,3,サマービル，ジェイソン
English Speaking b,14528,1,2,3,ローズ，ミーガン　Ｃ．
English Speaking b,14530,1,2,4,サマービル，ジェイソン
English Speaking b,14532,1,2,4,ダフ，ブライアン
English Speaking b,14534,1,4,1,スロボッドニウク，アダム　Ｊ．
English Speaking b,14536,1,4,2,スロボッドニウク，アダム　Ｊ．
English Speaking b,14538,1,4,2,ロッケルマン，ジョン　Ｌ．
English Speaking b,14540,1,4,2,ライアン，ケビン
English Speaking b,14542,1,4,3,スロボッドニウク，アダム　Ｊ．
English Speaking b,14544,1,4,3,ロッケルマン，ジョン　Ｌ．
English Speaking b,14546,1,4,4,スロボッドニウク，アダム　Ｊ．
English Speaking b,14548,1,5,2,ダフ，ブライアン
English Speaking b,14550,1,5,3,カレン，ブライアン　Ｓ．
English Speaking b,14552,1,5,4,ダフ，ブライアン
English Presentation a,14601,0,4,1,長谷川　宏
English Presentation b,14602,1,4,1,長谷川　宏
English Writing a,14603,0,2,1,上原　岳
English Writing a,14605,0,2,3,藤田　眞理子
English Writing a,14607,0,5,4,漆原　朗子
English Writing b,14604,1,2,1,上原　岳
English Writing b,14606,1,2,3,藤田　眞理子
English Writing b,14608,1,5,4,漆原　朗子
English Language and Cultures a,14587,0,1,2,中村　政徳
English Language and Cultures a,14589,0,3,4,藤牧　新
English Language and Cultures a,14591,0,4,2,長谷川　宏
English Language and Cultures a,14593,0,4,4,三浦　朝子
English Language and Cultures a,14595,0,5,1,小畑　美貴
English Language and Cultures a,14597,0,5,3,漆原　朗子
English Language and Cultures a,14599,0,5,4,仲川　裕里
English Language and Cultures b,14588,1,1,2,中村　政徳
English Language and Cultures b,14590,1,3,4,藤牧　新
English Language and Cultures b,14592,1,4,2,長谷川　宏
English Language and Cultures b,14594,1,4,4,三浦　朝子
English Language and Cultures b,14596,1,5,1,小畑　美貴
English Language and Cultures b,14598,1,5,3,漆原　朗子
English Language and Cultures b,14600,1,5,4,仲川　裕里
インタビュー論,30539,1,3,1,森　健
Intermediate English (RL) 1a,14101,0,3,1,渡辺　雅仁
Intermediate English (RL) 1a,14103,0,3,1,山本　満登香
Intermediate English (RL) 1a,14105,0,3,1,和泉　周子
Intermediate English (RL) 1a,14107,0,3,1,金田　迪子
Intermediate English (RL) 1a,14109,0,3,1,下山　千恵
Intermediate English (RL) 1a,14111,0,3,1,金森　成美
Intermediate English (RL) 1a,14113,0,3,1,冨塚　博之
Intermediate English (RL) 1a,14115,0,3,1,清水　由布紀
Intermediate English (RL) 1a,14117,0,3,1,大久保　譲
Intermediate English (RL) 1a,14119,0,3,1,ヒース，ダグラス　Ｒ．
Intermediate English (RL) 1a,14125,0,3,2,小田井　勝彦
Intermediate English (RL) 1a,14127,0,3,2,鷲尾　郁
Intermediate English (RL) 1a,14129,0,3,2,奥　景子
Intermediate English (RL) 1a,14131,0,3,2,金森　成美
Intermediate English (RL) 1a,14133,0,3,2,ライアン，ケビン
Intermediate English (RL) 1a,14135,0,3,2,ヒース，ダグラス　Ｒ．
Intermediate English (RL) 1a,14137,0,3,2,道家　英穂
Intermediate English (RL) 1b,14102,1,3,1,渡辺　雅仁
Intermediate English (RL) 1b,14104,1,3,1,山本　満登香
Intermediate English (RL) 1b,14106,1,3,1,和泉　周子
Intermediate English (RL) 1b,14108,1,3,1,金田　迪子
Intermediate English (RL) 1b,14110,1,3,1,下山　千恵
Intermediate English (RL) 1b,14112,1,3,1,金森　成美
Intermediate English (RL) 1b,14114,1,3,1,冨塚　博之
Intermediate English (RL) 1b,14116,1,3,1,清水　由布紀
Intermediate English (RL) 1b,14118,1,3,1,大久保　譲
Intermediate English (RL) 1b,14120,1,3,1,ヒース，ダグラス　Ｒ．
Intermediate English (RL) 1b,14126,1,3,2,小田井　勝彦
Intermediate English (RL) 1b,14128,1,3,2,鷲尾　郁
Intermediate English (RL) 1b,14130,1,3,2,奥　景子
Intermediate English (RL) 1b,14132,1,3,2,金森　成美
Intermediate English (RL) 1b,14134,1,3,2,ライアン，ケビン
Intermediate English (RL) 1b,14136,1,3,2,ヒース，ダグラス　Ｒ．
Intermediate English (RL) 1b,14138,1,3,2,道家　英穂
Intermediate English (SW) 1a,14255,0,5,2,小林　正弘
Intermediate English (SW) 1a,14257,0,5,2,小川　真也
Intermediate English (SW) 1a,14259,0,5,2,河原　宏之
Intermediate English (SW) 1a,14261,0,5,2,近藤　章子
Intermediate English (SW) 1a,14263,0,5,2,柴田　奈津美
Intermediate English (SW) 1a,14265,0,5,2,光本　希勇
Intermediate English (SW) 1a,14267,0,5,2,山田　恵摩
Intermediate English (SW) 1a,14269,0,5,2,ハートリ，ライアン
Intermediate English (SW) 1a,14271,0,5,2,ロッケルマン，ジョン　Ｌ．
Intermediate English (SW) 1a,14273,0,5,2,カレン，ブライアン　Ｓ．
Intermediate English (SW) 1a,14279,0,5,1,光本　希勇
Intermediate English (SW) 1a,14281,0,5,1,近藤　章子
Intermediate English (SW) 1a,14283,0,5,1,河原　宏之
Intermediate English (SW) 1a,14285,0,5,1,山田　恵摩
Intermediate English (SW) 1a,14287,0,5,1,ハートリ，ライアン
Intermediate English (SW) 1a,14289,0,5,1,ロッケルマン，ジョン　Ｌ．
Intermediate English (SW) 1a,14291,0,5,1,カレン，ブライアン　Ｓ．
Intermediate English (SW) 1b,14256,1,5,2,小林　正弘
Intermediate English (SW) 1b,14258,1,5,2,小川　真也
Intermediate English (SW) 1b,14260,1,5,2,河原　宏之
Intermediate English (SW) 1b,14262,1,5,2,近藤　章子
Intermediate English (SW) 1b,14264,1,5,2,柴田　奈津美
Intermediate English (SW) 1b,14266,1,5,2,光本　希勇
Intermediate English (SW) 1b,14268,1,5,2,山田　恵摩
Intermediate English (SW) 1b,14270,1,5,2,ハートリ，ライアン
Intermediate English (SW) 1b,14272,1,5,2,ロッケルマン，ジョン　Ｌ．
Intermediate English (SW) 1b,14274,1,5,2,カレン，ブライアン　Ｓ．
Intermediate English (SW) 1b,14280,1,5,1,光本　希勇
Intermediate English (SW) 1b,14282,1,5,1,近藤　章子
Intermediate English (SW) 1b,14284,1,5,1,河原　宏之
Intermediate English (SW) 1b,14286,1,5,1,山田　恵摩
Intermediate English (SW) 1b,14288,1,5,1,ハートリ，ライアン
Intermediate English (SW) 1b,14290,1,5,1,ロッケルマン，ジョン　Ｌ．
Intermediate English (SW) 1b,14292,1,5,1,カレン，ブライアン　Ｓ．
インターンシップ,30527,0,4,2,松本　淳
インド思想史,29022,0,4,2,朴　賢珍
インドネシア語初級１ａ,16393,0,1,3,小笠原　健二
インドネシア語初級１ａ（再）,16394,0,1,3,小笠原　健二
インドネシア語初級１ａ（再）,16400,0,1,4,小笠原　健二
インドネシア語初級１ａ（再）,16406,0,1,5,小笠原　健二
インドネシア語初級１ｂ,16396,1,1,3,小笠原　健二
インドネシア語初級１ｂ（再）,16397,1,1,3,小笠原　健二
インドネシア語初級１ｂ（再）,16403,1,1,4,小笠原　健二
インドネシア語初級１ｂ（再）,16409,1,1,5,小笠原　健二
インドネシア語初級２ａ（再）,16412,0,3,1,蓮池　隆広
インドネシア語初級２ａ,16417,0,5,3,クットリル，イメルダ
インドネシア語初級２ａ（再）,16418,0,5,3,クットリル，イメルダ
インドネシア語初級２ａ,16423,0,5,4,クットリル，イメルダ
インドネシア語初級２ａ（再）,16424,0,5,4,クットリル，イメルダ
インドネシア語初級２ｂ（再）,16415,1,3,1,蓮池　隆広
インドネシア語初級２ｂ,16420,1,5,3,クットリル，イメルダ
インドネシア語初級２ｂ（再）,16421,1,5,3,クットリル，イメルダ
インドネシア語初級２ｂ,16426,1,5,4,クットリル，イメルダ
インドネシア語初級２ｂ（再）,16427,1,5,4,クットリル，イメルダ
インドネシア語上級１ａ,15498,0,2,4,フェロニカ・Ｒ・Ｋ
インドネシア語上級１ａ,16699,0,4,2,フェロニカ・Ｒ・Ｋ
インドネシア語上級１ｂ,15499,1,2,4,フェロニカ・Ｒ・Ｋ
インドネシア語上級１ｂ,16700,1,4,2,フェロニカ・Ｒ・Ｋ
インドネシア語中級１ａ,16649,0,5,2,クットリル，イメルダ
インドネシア語中級１ｂ,16651,1,5,2,クットリル，イメルダ
インドネシア語中級２ａ,16653,0,1,2,小笠原　健二
インドネシア語中級２ｂ,16655,1,1,2,小笠原　健二
ウエブジャーナリズム論,30561,0,5,2,荻原　和樹
ウエブデザイン,30582,0,4,1,小沼　良次
宇宙地球科学１ａ,12378,0,3,5,大月　祥子
宇宙地球科学１ａ,12381,0,5,4,大月　祥子
宇宙地球科学１ａ,12384,0,5,5,大月　祥子
宇宙地球科学１ｂ,12387,1,3,5,大月　祥子
宇宙地球科学１ｂ,12390,1,5,4,大月　祥子
宇宙地球科学１ｂ,12393,1,5,5,大月　祥子
宇宙地球科学２ａ,12396,0,1,3,佐藤　暢
宇宙地球科学２ａ,12399,0,5,3,佐藤　暢
宇宙地球科学２ｂ,12402,1,1,3,佐藤　暢
宇宙地球科学２ｂ,12405,1,5,3,佐藤　暢
宇宙地球科学Ａ１,12377,0,3,5,大月　祥子
宇宙地球科学Ａ１,12380,0,5,4,大月　祥子
宇宙地球科学Ａ１,12383,0,5,5,大月　祥子
宇宙地球科学Ａ２,12386,1,3,5,大月　祥子
宇宙地球科学Ａ２,12389,1,5,4,大月　祥子
宇宙地球科学Ａ２,12392,1,5,5,大月　祥子
宇宙地球科学Ｂ１,12395,0,1,3,佐藤　暢
宇宙地球科学Ｂ１,12398,0,5,3,佐藤　暢
宇宙地球科学Ｂ２,12401,1,1,3,佐藤　暢
宇宙地球科学Ｂ２,12404,1,5,3,佐藤　暢
映画研究１,27467,0,3,4,北村　匡平
映画研究２,27468,1,3,4,北村　匡平
英語の音声,28184,0,4,5,三浦　弘
英語のしくみ,28182,1,3,2,小畑　美貴
英語の変遷史,28186,0,4,4,菊地　翔太
英語学の諸問題１,28206,1,4,4,菊地　翔太
英語学の諸問題２,28208,1,4,5,三浦　弘
英語教育の研究と実践１,28192,0,3,2,片桐　一彦
英語教育の研究と実践２,28193,1,3,2,片桐　一彦
英語圏文学への招待,11782,0,3,5,大須賀　寿子
英国・英語圏の文学と文化,28166,1,3,5,道家　英穂
映像ジャーナリズム論,30542,0,4,4,山田　健太
映像特殊実習,30584,1,5,5,白井　康彦
映像表現技法,30579,1,5,3,白井　康彦
映像文化論,29059,1,4,2,山本　祐輝
英文法のしくみ,28180,0,3,2,小畑　美貴
英米映画論１,28198,0,5,3,末廣　幹
英米映画論２,28199,1,5,3,末廣　幹
英米研究特殊講義３,28220,0,2,2,石塚　久郎
英米研究特殊講義４,28221,1,2,2,石塚　久郎
英米の小説・詩・演劇,28176,1,5,2,大久保　譲
英米ポップカルチャー論１,28178,0,1,2,馬場　聡
英米ポップカルチャー論２,28179,1,1,2,馬場　聡
英米文学文化特殊講義５,28204,0,4,2,渡邉　真理子
英米文学文化特殊講義６,28205,1,4,2,渡邉　真理子
演劇研究１,27463,0,5,2,小山内　伸
演劇研究２,27464,1,5,2,小山内　伸
欧米文化史１,29536,0,4,1,松本　礼子
欧米文化史２,29537,1,4,1,松本　礼子
欧米史概説１,29510,0,3,3,南　修平
欧米史概説２,29511,1,3,3,南　修平
応用実習,30512,0,5,3,村上　賢司
応用実習,30513,0,5,4,村上　賢司
応用実習,30514,0,5,5,村上　賢司
応用日本語表現１,16786,0,3,3,坂田　睦深
応用日本語表現２,16787,1,3,3,坂田　睦深
応用日本語理解１,16784,0,2,3,孔　令玉
応用日本語理解２,16785,1,2,3,孔　令玉
応用心理学入門,11800,1,4,2,齋藤　優実
応用心理学入門,11801,1,2,2,田中　嘉彦
応用心理学入門,11803,1,3,1,市村　彰英
応用心理学入門,11805,1,5,5,綾瀬　泉
応用心理学入門,11807,1,4,1,齋藤　優実
応用心理学入門,11809,1,3,2,小林　晃洋
応用心理学入門,11811,1,2,4,田中　嘉彦
応用心理学入門,11813,1,3,5,小林　晃洋
応用心理学入門,11816,1,4,3,齋藤　優実
応用心理学入門,11818,0,1,2,伊藤　忠弘
応用測量学,30063,0,5,3,縫村　崇行
沖縄ジャーナリズム論,30552,0,,,山田　健太
音楽論,29039,1,5,2,清水　康宏
科学哲学,29037,1,1,4,金子　洋之
化学１ａ,12408,0,5,4,蒼見　桂子
化学１ａ,12411,0,3,1,阿藤　正道
化学１ｂ,12414,1,5,4,蒼見　桂子
化学１ｂ,12417,1,3,1,阿藤　正道
化学２ａ,12420,0,1,1,阿藤　正道
化学２ａ,12423,0,4,1,松本　幸三
化学２ｂ,12426,1,1,1,阿藤　正道
化学２ｂ,12429,1,4,1,松本　幸三
化学Ａ１,12407,0,5,4,蒼見　桂子
化学Ａ１,12410,0,3,1,阿藤　正道
化学Ａ２,12413,1,5,4,蒼見　桂子
化学Ａ２,12416,1,3,1,阿藤　正道
化学Ｂ１,12419,0,1,1,阿藤　正道
化学Ｂ１,12422,0,4,1,松本　幸三
化学Ｂ２,12425,1,1,1,阿藤　正道
化学Ｂ２,12428,1,4,1,松本　幸三
科学とメディア,30633,1,4,4,三木　由希子
科学論１ａ,12492,0,2,1,大井　万紀人
科学論１ａ,12495,1,2,2,大井　万紀人
科学論１ａ,12498,0,3,3,仲澤　伸子
科学論１ａ,12501,0,3,2,仲澤　伸子
科学論１ｂ,12504,0,1,2,大井　万紀人
科学論１ｂ,12507,0,2,2,大井　万紀人
科学論１ｂ,12510,1,2,1,大井　万紀人
科学論１ｂ,12513,1,5,3,仲澤　伸子
科学論２ａ,12516,0,1,3,小林　昭裕
科学論２ａ,12519,0,2,3,小林　昭裕
科学論２ｂ,12522,1,4,3,小林　昭裕
科学論２ｂ,12525,1,5,3,小林　昭裕
科学論Ａ１,12491,0,2,1,大井　万紀人
科学論Ａ１,12494,1,2,2,大井　万紀人
科学論Ａ１,12497,0,3,3,仲澤　伸子
科学論Ａ１,12500,0,3,2,仲澤　伸子
科学論Ａ２,12503,0,1,2,大井　万紀人
科学論Ａ２,12506,0,2,2,大井　万紀人
科学論Ａ２,12509,1,2,1,大井　万紀人
科学論Ａ２,12512,1,5,3,仲澤　伸子
科学論Ｂ１,12515,0,1,3,小林　昭裕
科学論Ｂ１,12518,0,2,3,小林　昭裕
科学論Ｂ２,12521,1,4,3,小林　昭裕
科学論Ｂ２,12524,1,5,3,小林　昭裕
環境地図学１,30047,0,4,3,縫村　崇行
環境地図学２,30048,1,4,3,縫村　崇行
環境地理学特殊講義Ａ,30065,0,1,4,鈴木　重雄
環境地理学特殊講義Ｂ,30066,0,3,4,西　律子
環境地理学特殊講義Ｃ,30067,0,5,3,新井　智一
外国語学習の科学１,28222,0,4,3,田邉　祐司
外国語学習の科学２,28224,1,4,3,田邉　祐司
学際科目１０（テレビ研究）,11257,0,3,5,杉田　このみ
学際科目１１（特権的な生活）,11259,0,5,3,鈴木　奈穂美
学際科目６（スポーツ川崎）,11251,0,1,4,齋藤　実
学際科目７（電力システム）,11253,0,5,5,河野　敏鑑
学際科目８（お金の教育）,11255,0,4,5,小川　健
学習指導と学校図書館,38013,1,3,1,青山　比呂乃
学校経営と学校図書館,38001,0,2,5,野口　武悟
企業と会計,11900,0,3,1,西山　一弘
気候環境学１,30043,0,3,3,赤坂　郁美
気候環境学２,30044,1,4,2,赤坂　郁美
基礎心理学入門,11799,0,4,2,齋藤　優実
基礎心理学入門,11802,0,5,2,市村　彰英
基礎心理学入門,11804,0,5,5,綾瀬　泉
基礎心理学入門,11806,0,2,2,田中　嘉彦
基礎心理学入門,11808,0,4,1,齋藤　優実
基礎心理学入門,11810,0,2,4,高橋　実里
基礎心理学入門,11812,0,3,5,小林　晃洋
基礎心理学入門,11814,0,3,2,小林　晃洋
基礎心理学入門,11815,0,4,3,齋藤　優実
基礎心理学入門,11817,1,1,2,伊藤　忠弘
キャリア科目１（キャリア開発）,10941,0,2,2,須東　朋広
キャリア科目１（キャリア開発）,10943,1,2,2,須東　朋広
キャリア科目２（キャリア研究）,10945,0,2,3,須東　朋広
キャリア科目２（キャリア研究）,10947,1,2,3,須東　朋広
キャリア長期体験（プロジェクト型）,10930,1,5,5,須東　朋広
キャリアマッチング,10920,1,5,4,須東　朋広
キャリア入門,10911,1,3,4,大重　史朗
教育課程論,37139,0,5,3,森田　司郎
教育課程論,37140,1,2,4,金　ヒョン淑
教育課程論,37141,1,2,5,金　ヒョン淑
教育原論,37037,0,3,3,黄　順姫
教育原論,37038,0,3,4,黄　順姫
教育原論,37039,1,3,4,黄　順姫
教育とメディア,30634,1,4,2,山本　幸太郎
教育学入門,11883,0,2,4,松下　丈宏
教育学入門,11884,0,2,3,松下　丈宏
教育学入門,11885,1,5,4,小入羽　秀敬
教育学入門,11886,1,2,5,松下　丈宏
教養テーマゼミナール１,11040,,1,5,前川　亨
教養テーマゼミナール１,11046,,4,5,森田　司郎
教養テーマゼミナール１,11052,,4,5,吉田　清司
教養テーマゼミナール１,11058,,5,4,中垣　恒太郎
教養テーマゼミナール１,11064,,5,6,丸山　岳彦
教養テーマゼミナール１,11280,,4,4,飯田　義明
教養テーマゼミナール１,11286,,1,1,小林　昭裕
教養テーマゼミナール１,11292,,3,5,角田　真紀子
教養テーマゼミナール１,11298,,3,5,時任　真一郎
教養テーマゼミナール１,11304,,2,1,吉田　清司
教養テーマゼミナール１,11310,,4,4,相澤　勝治
教養テーマゼミナール１,11316,,1,5,佐藤　暢
教養テーマゼミナール１,11322,0,1,4,松本　幸三
教養テーマゼミナール１,11328,,4,4,富川　理充
教養テーマゼミナール１,11334,,4,4,柏木　悠
教養テーマゼミナール１,11340,,4,1,高島　裕之
教養テーマゼミナール１,11346,,3,2,中垣　恒太郎
教養テーマゼミナール１,11352,,2,1,渡辺　英次
教養テーマゼミナール１,11358,,2,3,吉川　あゆみ 吉田　美穂子
教養テーマゼミナール１,11364,,2,4,吉川　あゆみ 吉田　美穂子
教養テーマゼミナール１,11370,,1,5,佐竹　弘靖
教養テーマゼミナール１,11376,,1,5,王　伸子
教養テーマゼミナール２,11041,,1,5,前川　亨
教養テーマゼミナール２,11047,,4,5,森田　司郎
教養テーマゼミナール２,11053,,4,5,吉田　清司
教養テーマゼミナール２,11059,,5,4,中垣　恒太郎
教養テーマゼミナール２,11065,,5,6,丸山　岳彦
教養テーマゼミナール２,11281,,4,4,飯田　義明
教養テーマゼミナール２,11287,,1,1,小林　昭裕
教養テーマゼミナール２,11293,,3,5,角田　真紀子
教養テーマゼミナール２,11299,,3,5,時任　真一郎
教養テーマゼミナール２,11305,,2,1,吉田　清司
教養テーマゼミナール２,11311,,4,4,相澤　勝治
教養テーマゼミナール２,11317,,1,5,佐藤　暢
教養テーマゼミナール２,11323,0,1,4,松本　幸三
教養テーマゼミナール２,11329,,4,4,富川　理充
教養テーマゼミナール２,11335,,4,4,柏木　悠
教養テーマゼミナール２,11341,,4,1,高島　裕之
教養テーマゼミナール２,11347,,3,2,中垣　恒太郎
教養テーマゼミナール２,11353,,2,1,渡辺　英次
教養テーマゼミナール２,11359,,2,3,吉川　あゆみ 吉田　美穂子
教養テーマゼミナール２,11365,,2,4,吉川　あゆみ 吉田　美穂子
教養テーマゼミナール２,11371,,1,5,佐竹　弘靖
教養テーマゼミナール２,11377,,1,5,王　伸子
教養テーマゼミナール３,11042,,1,5,前川　亨
教養テーマゼミナール３,11048,,4,5,森田　司郎
教養テーマゼミナール３,11054,,4,5,吉田　清司
教養テーマゼミナール３,11060,,5,4,中垣　恒太郎
教養テーマゼミナール３,11066,,5,6,丸山　岳彦
教養テーマゼミナール３,11282,,4,4,飯田　義明
教養テーマゼミナール３,11288,,1,1,小林　昭裕
教養テーマゼミナール３,11294,,3,5,角田　真紀子
教養テーマゼミナール３,11300,,3,5,時任　真一郎
教養テーマゼミナール３,11306,,2,1,吉田　清司
教養テーマゼミナール３,11312,,4,4,相澤　勝治
教養テーマゼミナール３,11318,,1,5,佐藤　暢
教養テーマゼミナール３,11324,0,1,4,松本　幸三
教養テーマゼミナール３,11330,,4,4,富川　理充
教養テーマゼミナール３,11336,,4,4,柏木　悠
教養テーマゼミナール３,11342,,4,1,高島　裕之
教養テーマゼミナール３,11348,,3,2,中垣　恒太郎
教養テーマゼミナール３,11354,,2,1,渡辺　英次
教養テーマゼミナール３,11360,,2,3,吉川　あゆみ 吉田　美穂子
教養テーマゼミナール３,11366,,2,4,吉川　あゆみ 吉田　美穂子
教養テーマゼミナール３,11372,,1,5,佐竹　弘靖
教養テーマゼミナール３,11378,,1,5,王　伸子
教養テーマゼミナール論文,11070,,,,中垣　恒太郎
教養テーマゼミナール論文,11387,,,,中垣　恒太郎
記録・史資料調査実習,30628,1,5,3,高島　裕之
記録・史資料調査法,30626,0,5,3,高島　裕之
近現代の日本の思想,29027,1,4,4,佐藤　雅男
近代ヨーロッパの社会と政治１,29566,0,1,2,日暮　美奈子
近代ヨーロッパの社会と政治２,29568,1,1,2,日暮　美奈子
技術とメディア,30635,0,5,3,荻原　和樹
ギリシア語入門１,29042,0,4,4,金澤　修
ギリシア語入門２,29043,1,4,4,金澤　修
ギリシア語文献講読１,29046,0,3,2,高橋　雅人
ギリシア語文献講読２,29047,1,3,2,高橋　雅人
ギリシア語文献講読３,29048,0,3,2,高橋　雅人
ギリシア語文献講読４,29049,1,3,2,高橋　雅人
ギリシア語文献講読５,29050,0,3,2,高橋　雅人
ギリシア語文献講読６,29051,1,3,2,高橋　雅人
空間情報学１,30049,0,1,1,任　海
空間情報学２,30050,1,1,1,任　海
グラフィックデザイン,30581,0,4,2,牛島　蔵人
グローバルスタディ（日本研究）,10971,1,,,奥村　経世
グローバルスタディ（日本のコミュニティと都市生活）,10953,0,1,2,今井　ハイデ
グローバルスタディ（日本の法と社会）,10954,0,4,5,飯　考行
グローバルスタディ（日本のポップカルチャー）,10973,0,5,3,ガルブレイス，パトリック　Ｗ．
経済ジャーナリズム論,30549,1,2,4,三木　由希子
経済地理学,30068,0,2,1,近藤　章夫
経済と社会,11867,0,5,4,吉井　舜也
憲法とジャーナリズム,30534,1,4,3,大治　朋子
芸術学概論１,29010,0,3,5,加藤　有希子
芸術学概論２,29011,1,3,5,加藤　有希子
芸術学入門,11849,0,3,4,加藤　有希子
芸術学入門,11851,1,3,4,加藤　有希子
言語文化研究（アジア）１,16733,1,3,1,森　瑞枝
言語文化研究（アジア）１,16734,1,4,3,狩野　希望
言語文化研究（アジア）２,16735,1,5,3,伊藤　英人
言語文化研究（アジア）２,16736,1,5,4,伊藤　英人
言語文化研究（アメリカ）,16737,0,1,2,大貫　良史
言語文化研究（アメリカ）,16738,0,3,3,井上　幸孝
言語文化研究（アメリカ）,16739,1,3,3,井上　幸孝
言語文化研究（ヨーロッパ）１,16730,0,1,4,浦山　健太郎
言語文化研究（ヨーロッパ）２,16731,1,3,3,藤由　順子
言語文化研究（ヨーロッパ）２,16732,1,1,5,カーズ　バーバラ
現代文化研究１,27465,0,4,3,小山内　伸
現代文化研究２,27466,1,4,3,小山内　伸
現代社会とジャーナリズム,30521,1,3,2,森　健
現代社会とスポーツ,30587,0,3,4,齋藤　実
現代日本語の研究１,27024,0,5,5,宇佐美　洋
現代日本語の研究２,27025,1,5,5,宇佐美　洋
現代の経済,11868,0,2,4,朝倉　健男
現代の社会学,11875,1,3,2,秋吉　美都
現代の社会学,11876,1,3,1,牧野　修也
現代の社会学,11877,0,3,5,竹村　英樹
現代の社会学,11878,0,4,2,徐　玄九
現代文学研究１,27435,0,4,2,小山内　伸
現代文学研究２,27436,1,4,2,小山内　伸
言論法,30516,0,1,2,山田　健太
考古学概論１,29589,0,3,2,小林　孝秀
考古学概論２,29590,1,3,2,小林　孝秀
広告学,30564,0,1,4,平井　信太郎
国際ジャーナリズム論,30548,1,3,2,三木　由希子
ことばと社会２,27017,1,4,4,阿部　貴人
ことばと社会・文化,28194,0,2,1,上村　妙子
言葉とメディア,30631,0,2,3,三木　由希子
ことばの獲得１,28214,0,5,4,岡部　玲子
ことばの獲得２,28216,1,5,4,岡部　玲子
ことばと論理,11844,1,5,3,小島　明彦
ことばと論理,11845,1,5,3,木原　弘行
ことばと論理,11846,0,5,4,木原　弘行
ことばと論理,11848,0,5,3,木原　弘行
子どもと社会の教育学,11887,0,3,2,栗原　和樹
子どもと社会の教育学,11889,1,4,1,栗原　和樹
子どもと社会の教育学,11891,1,3,2,栗原　和樹
子どもと社会の教育学,11893,1,2,4,松下　丈宏
古墳からみた国家形成１,29538,0,5,3,小林　孝秀
古墳からみた国家形成２,29539,1,5,3,小林　孝秀
古文書学概論１,29587,0,2,2,湯浅　治久
古文書学概論２,29588,1,2,2,湯浅　治久
コリア語初級１ａ,16447,0,1,2,李　在鎬
コリア語初級１ａ,16449,0,1,2,魏　聖銓
コリア語初級１ａ,16451,0,1,2,徐　明煥
コリア語初級１ａ,16453,0,1,3,徐　明煥
コリア語初級１ａ,16455,0,1,3,李　在鎬
コリア語初級１ａ,16457,0,1,3,魏　聖銓
コリア語初級１ａ,16459,0,5,1,黄　善英
コリア語初級１ａ,16461,0,5,1,李　在鎬
コリア語初級１ａ,16463,0,5,2,黄　善英
コリア語初級１ａ,16465,0,5,3,李　在鎬
コリア語初級１ａ（再）,16507,0,3,2,魏　聖銓
コリア語初級１ａ（再）,16515,0,3,3,井ノ上　佐織
コリア語初級１ａ（再）,16794,0,4,4,井ノ上　佐織
コリア語初級１ｂ,16448,1,1,2,李　在鎬
コリア語初級１ｂ,16450,1,1,2,魏　聖銓
コリア語初級１ｂ,16452,1,1,2,徐　明煥
コリア語初級１ｂ,16454,1,1,3,徐　明煥
コリア語初級１ｂ,16456,1,1,3,李　在鎬
コリア語初級１ｂ,16458,1,1,3,魏　聖銓
コリア語初級１ｂ,16460,1,5,1,黄　善英
コリア語初級１ｂ,16462,1,5,1,李　在鎬
コリア語初級１ｂ,16464,1,5,2,黄　善英
コリア語初級１ｂ,16466,1,5,3,李　在鎬
コリア語初級１ｂ（再）,16511,1,3,2,魏　聖銓
コリア語初級１ｂ（再）,16519,1,3,3,井ノ上　佐織
コリア語初級１ｂ（再）,16521,0,1,6,北村　唯司
コリア語初級１ｂ（再）,16798,1,4,4,井ノ上　佐織
コリア語初級２ａ,16485,0,1,2,國分　翼
コリア語初級２ａ,16487,0,1,2,吉川　友丈
コリア語初級２ａ,16489,0,1,3,國分　翼
コリア語初級２ａ,16491,0,1,3,吉川　友丈
コリア語初級２ａ,16493,0,5,1,中尾　道子
コリア語初級２ａ,16495,0,5,1,吉川　友丈
コリア語初級２ａ,16497,0,5,1,イ　ヨンイル
コリア語初級２ａ,16499,0,5,2,イ　ヨンイル
コリア語初級２ａ,16501,0,5,3,中尾　道子
コリア語初級２ａ,16503,0,5,3,吉川　友丈
コリア語初級２ａ（再）,16523,0,1,5,崔　泰源
コリア語初級２ａ（再）,16788,0,5,2,中尾　道子
コリア語初級２ｂ,16486,1,1,2,國分　翼
コリア語初級２ｂ,16488,1,1,2,吉川　友丈
コリア語初級２ｂ,16490,1,1,3,國分　翼
コリア語初級２ｂ,16492,1,1,3,吉川　友丈
コリア語初級２ｂ,16494,1,5,1,中尾　道子
コリア語初級２ｂ,16496,1,5,1,吉川　友丈
コリア語初級２ｂ,16498,1,5,1,イ　ヨンイル
コリア語初級２ｂ,16500,1,5,2,イ　ヨンイル
コリア語初級２ｂ,16502,1,5,3,中尾　道子
コリア語初級２ｂ,16504,1,5,3,吉川　友丈
コリア語初級２ｂ（再）,16525,1,1,5,崔　泰源
コリア語初級２ｂ（再）,16527,0,2,6,佐藤　厚
コリア語初級２ｂ（再）,16790,1,5,2,中尾　道子
コリア語上級１ａ,16701,0,1,4,崔　泰源
コリア語上級１ａ,16703,0,5,2,李　在鎬
コリア語上級１ｂ,16702,1,1,4,崔　泰源
コリア語上級１ｂ,16704,1,5,2,李　在鎬
コリア語中級１ａ,16657,0,2,4,佐藤　厚
コリア語中級１ａ,16661,0,4,2,井ノ上　佐織
コリア語中級１ａ,16665,0,2,5,佐藤　厚
コリア語中級１ａ,16669,0,4,3,井ノ上　佐織
コリア語中級１ａ,16673,0,3,3,中尾　道子
コリア語中級１ｂ,16659,1,2,4,佐藤　厚
コリア語中級１ｂ,16663,1,4,2,井ノ上　佐織
コリア語中級１ｂ,16667,1,2,5,佐藤　厚
コリア語中級１ｂ,16671,1,4,3,井ノ上　佐織
コリア語中級１ｂ,16675,1,3,3,中尾　道子
コリア語中級２ａ,16677,0,2,2,北村　唯司
コリア語中級２ａ,16681,0,5,2,吉川　友丈
コリア語中級２ａ,16685,0,2,1,北村　唯司
コリア語中級２ｂ,16679,1,2,2,北村　唯司
コリア語中級２ｂ,16683,1,5,2,吉川　友丈
コリア語中級２ｂ,16687,1,2,1,北村　唯司
コンテンツ産業論,30570,1,4,2,松本　淳
コンテンツプロデュース,30576,0,2,2,松本　淳
コンディショニングのための情報分析,30598,0,1,4,渡辺　英次
Computer Aided Instruction for TOEIC a,14555,0,1,2,今尾　香雪
Computer Aided Instruction for TOEIC a,14557,0,4,3,宮田　宗彦
Computer Aided Instruction for TOEIC b,14556,1,3,2,今尾　香雪
Computer Aided Instruction for TOEIC b,14558,1,4,3,宮田　宗彦
Computer Aided Instruction a,14553,0,1,1,今尾　香雪
Computer Aided Instruction b,14554,1,3,1,今尾　香雪
コーチング実習,30591,1,3,4,李　宇ヨン
コーチング論,30590,0,3,3,李　宇ヨン
娯楽とメディア,30630,1,1,2,金　承美
雑誌ジャーナリズム論,30546,1,4,2,三木　由希子
視覚表現論,30580,1,6,2,佐々木　広人
自然地理学概論１,30014,0,3,2,苅谷　愛彦
自然地理学概論２,30015,1,3,2,赤坂　郁美
自然科学実験演習１,12527,1,2,2,山本　真紀 大月　祥子 深谷　緑
自然科学実験演習１,12528,1,3,4,西　孝子
自然科学実験演習１,12529,1,5,2,前川　修吾 佐藤　暢
自然科学実験演習２,12530,0,3,4,高部　由季 西　孝子
シナリオライティング実習,30585,1,4,1,藤咲　淳一
市民とメディア,30629,0,4,2,三木　由希子
社会環境学１,30037,0,1,2,江崎　雄治
社会環境学２,30038,1,1,2,江崎　雄治
社会の哲学,29035,0,1,3,佐藤　岳詩
社会科学論,11879,1,2,2,西角　純志
社会科学論,11880,1,2,3,西角　純志
社会学入門,11871,0,3,1,牧野　修也
社会学入門,11872,1,3,5,竹村　英樹
社会学入門,11873,1,3,4,後藤　吉彦
社会学入門,11874,0,3,2,大矢根　淳
社会思想,11881,1,4,5,山家　歩
社会思想,11882,1,4,4,山家　歩
宗教とメディア,30636,1,1,5,武田　徹
宗教学１,29032,0,3,4,寺戸　淳子
宗教学２,29033,1,3,4,寺戸　淳子
出版文化論１,27416,0,4,3,川上　隆志
出版文化論２,27417,1,4,3,川上　隆志
出版学,30532,0,2,1,田中　裕士
生涯学習概論,37701,1,3,2,御園生　純
心身の発達と学習の過程,37149,0,3,3,角田　真紀子
心身の発達と学習の過程,37151,0,3,4,角田　真紀子
新聞学,30528,0,4,4,高田　昌幸
心理情報とメンタルマネジメント,30602,1,2,2,平田　大輔
新領域科目１（大学の歴史）,11271,1,5,2,永江　雅和
新領域科目２（働き方の選択）,11273,0,5,3,青木　章通
新領域科目３（極域海洋科学）,11275,1,5,5,佐藤　暢
新領域科目５（風景風土景観）,11277,1,4,2,小林　昭裕
General English,14479,0,1,2,手島　敬子
General English,14481,1,1,2,手島　敬子
General English,14483,0,1,2,宮澤　信彦
General English,14485,1,1,2,宮澤　信彦
General English,14487,0,4,2,石黒　恭代
General English,14489,1,4,2,石黒　恭代
General English,14491,0,4,4,石黒　恭代
General English,14493,1,4,4,石黒　恭代
General English,14495,0,5,1,柴田　奈津美
General English,14497,1,5,1,柴田　奈津美
General English,14499,0,5,2,澤口　右樹
General English,14501,1,5,2,澤口　右樹
General English,14503,0,4,5,小西　恵美
General English,14505,1,4,5,小西　恵美
General English,14507,0,5,4,小林　正弘
General English,14509,1,5,4,小林　正弘
ジェンダー史１,29585,0,2,1,伊集院　葉子
ジェンダー史２,29586,1,2,1,伊集院　葉子
事件・災害とジャーナリズム,30536,0,4,3,高田　昌幸
児童サービス論,37775,0,3,4,萬谷　ひとみ
児童文学研究１,27419,0,2,3,井上　征剛
児童文学研究２,27420,1,2,3,奥田　浩司
児童文学研究,27421,1,2,3,奥田　浩司
ジャーナリズム実習,30555,1,4,3,四位　雅文
ジャーナリズムとアーカイブ,30612,1,5,2,荻原　和樹
ジャーナリズムとメディア,30525,1,2,3,長　典俊
ジャーナリズム特講,30558,1,5,2,児玉　恵美
ジャーナリズムの思想史,30520,0,1,5,武田　徹
ジャーナリズムの倫理,30523,1,1,2,山田　健太
ジャーナリズム論,30515,0,3,2,三木　由希子
情報サービス演習１,37719,1,4,5,日向　良和
情報サービス演習２,37725,1,2,3,中島　玲子
情報サービス演習２,37727,1,2,4,中島　玲子
情報サービス論,37769,0,4,4,中島　玲子
情報資源組織演習１,37786,1,1,3,榎本　裕希子
情報資源組織演習２,37792,1,1,4,榎本　裕希子
情報資源組織論,37780,0,5,2,荻原　幸子
情報とスポーツ,30586,1,4,2,若井　江利
情報表現実習（応用）,30503,1,4,3,松本　淳
情報表現実習（応用）,30504,1,4,4,松本　淳
情報表現実習（応用）,30505,1,4,5,松本　淳
情報表現実習（応用）,30506,0,1,3,松本　淳
情報表現実習（応用）,30507,0,1,4,松本　淳
情報表現実習（応用）,30508,0,1,5,松本　淳
情報表現実習（基礎）,30500,0,4,3,小沼　良次
情報表現実習（基礎）,30501,0,4,4,小沼　良次
情報表現実習（基礎）,30502,0,4,5,小沼　良次
情報マーケティング,30577,1,3,3,田村　修
情報アクセシビリティ論,30526,0,4,2,山本　幸太郎
情報社会,11895,0,1,4,山下　清美
情報社会,11896,1,1,4,山下　清美
情報入門１,10720,0,3,3,御園生　純
情報入門２,10721,1,3,3,御園生　純
人文地理学概論１,30012,0,4,3,吉田　国光
人文地理学概論２,30013,0,1,5,江崎　雄治
数理科学１ａ,12456,0,1,1,小野　雅隆
数理科学１ａ,12459,0,2,1,小野　雅隆
数理科学１ｂ,12462,1,1,1,小野　雅隆
数理科学１ｂ,12465,1,2,1,小野　雅隆
数理科学２ａ,12468,0,1,4,本田　竜広
数理科学２ａ,12471,0,3,1,小野　雅隆
数理科学２ｂ,12474,1,1,4,本田　竜広
数理科学２ｂ,12477,1,3,1,小野　雅隆
数理科学３ａ,12480,0,1,3,本田　竜広
数理科学３ａ,12483,0,2,2,本田　竜広
数理科学３ｂ,12486,1,1,2,本田　竜広
数理科学３ｂ,12489,1,1,3,本田　竜広
数理科学Ａ１,12455,0,1,1,小野　雅隆
数理科学Ａ１,12458,0,2,1,小野　雅隆
数理科学Ａ２,12461,1,1,1,小野　雅隆
数理科学Ａ２,12464,1,2,1,小野　雅隆
数理科学Ｂ１,12467,0,1,4,本田　竜広
数理科学Ｂ１,12470,0,3,1,小野　雅隆
数理科学Ｂ２,12473,1,1,4,本田　竜広
数理科学Ｂ２,12476,1,3,1,小野　雅隆
数理科学Ｃ１,12479,0,1,3,本田　竜広
数理科学Ｃ１,12482,0,2,2,本田　竜広
数理科学Ｃ２,12485,1,1,2,本田　竜広
数理科学Ｃ２,12488,1,1,3,本田　竜広
Screen English a,14609,0,2,2,甲斐　絵理
Screen English a,14611,0,2,4,藤田　眞理子
Screen English b,14610,1,2,2,甲斐　絵理
Screen English b,14612,1,2,4,藤田　眞理子
スペイン語初級１ａ,16279,0,1,2,横藤田　稔泰
スペイン語初級１ａ,16281,0,1,3,砂山　充子
スペイン語初級１ａ,16283,0,1,3,横藤田　稔泰
スペイン語初級１ａ,16285,0,5,1,仲道　慎治
スペイン語初級１ａ,16287,0,5,1,宮田　絵津子
スペイン語初級１ａ,16289,0,5,2,宮田　絵津子
スペイン語初級１ａ,16291,0,5,3,宮田　絵津子
スペイン語初級１ａ,16293,0,5,3,仲道　慎治
スペイン語初級１ａ（再）,16327,0,2,4,ラバスコ，ルイス
スペイン語初級１ａ（再）,16335,0,2,5,ラバスコ，ルイス
スペイン語初級１ａ（再）,16343,0,1,4,辻　さやか
スペイン語初級１ａ（再）,16351,0,5,2,ラバスコ，ルイス
スペイン語初級１ｂ,16280,1,1,2,横藤田　稔泰
スペイン語初級１ｂ,16282,1,1,3,砂山　充子
スペイン語初級１ｂ,16284,1,1,3,横藤田　稔泰
スペイン語初級１ｂ,16286,1,5,1,仲道　慎治
スペイン語初級１ｂ,16288,1,5,1,宮田　絵津子
スペイン語初級１ｂ,16290,1,5,2,宮田　絵津子
スペイン語初級１ｂ,16292,1,5,3,宮田　絵津子
スペイン語初級１ｂ,16294,1,5,3,仲道　慎治
スペイン語初級１ｂ（再）,16331,1,2,4,ラバスコ，ルイス
スペイン語初級１ｂ（再）,16339,1,2,5,ラバスコ，ルイス
スペイン語初級１ｂ（再）,16347,1,1,4,辻　さやか
スペイン語初級１ｂ（再）,16355,1,5,2,ラバスコ，ルイス
スペイン語初級２ａ,16309,0,1,2,早川　育
スペイン語初級２ａ,16311,0,1,3,工藤　由美
スペイン語初級２ａ,16313,0,1,3,小林　貴徳
スペイン語初級２ａ,16315,0,1,3,大貫　良史
スペイン語初級２ａ,16317,0,1,3,プリエト，ベロニカ
スペイン語初級２ａ,16319,0,5,1,ラバスコ，ルイス
スペイン語初級２ａ,16321,0,5,1,ゴンサレス，ガブリエル
スペイン語初級２ａ,16323,0,5,3,ゴンサレス，ガブリエル
スペイン語初級２ａ（再）,16357,0,1,2,小林　貴徳
スペイン語初級２ａ（再）,16361,0,3,3,カルデロ，ホセ
スペイン語初級２ａ（再）,16365,0,4,1,バリエントス，ジョン・ダビッ
スペイン語初級２ｂ,16310,1,1,2,早川　育
スペイン語初級２ｂ,16312,1,1,3,工藤　由美
スペイン語初級２ｂ,16314,1,1,3,小林　貴徳
スペイン語初級２ｂ,16316,1,1,3,大貫　良史
スペイン語初級２ｂ,16318,1,1,3,プリエト，ベロニカ
スペイン語初級２ｂ,16320,1,5,1,ラバスコ，ルイス
スペイン語初級２ｂ,16322,1,5,1,ゴンサレス，ガブリエル
スペイン語初級２ｂ,16324,1,5,3,ゴンサレス，ガブリエル
スペイン語初級２ｂ（再）,16359,1,1,2,小林　貴徳
スペイン語初級２ｂ（再）,16363,1,3,3,カルデロ，ホセ
スペイン語初級２ｂ（再）,16367,1,4,1,バリエントス，ジョン・ダビッ
スペイン語上級１ａ,16695,0,2,2,砂山　充子
スペイン語上級１ｂ,16696,1,2,2,砂山　充子
スペイン語中級１ａ,16617,0,1,2,辻　さやか
スペイン語中級１ａ,16621,0,1,3,辻　さやか
スペイン語中級１ａ,16625,0,4,2,バリエントス，ジョン・ダビッ
スペイン語中級１ｂ,16619,1,1,2,辻　さやか
スペイン語中級１ｂ,16623,1,1,3,辻　さやか
スペイン語中級１ｂ,16627,1,4,2,バリエントス，ジョン・ダビッ
スペイン語中級２ａ,16629,0,1,5,ラバスコ，ルイス
スペイン語中級２ａ,16633,0,5,4,仲道　慎治
スペイン語中級２ａ,16637,0,5,2,仲道　慎治
スペイン語中級２ｂ,16631,1,1,5,ラバスコ，ルイス
スペイン語中級２ｂ,16635,1,5,4,仲道　慎治
スペイン語中級２ｂ,16639,1,5,2,仲道　慎治
Special Seminar,28241,1,5,4,シーセンナム，グアンカム
Special Seminar,28242,0,5,4,ポルウィトゥーン，シラパット
Special Seminar,28243,1,4,3,櫻井　宏二郎
スポーツ医科学情報,30589,0,2,1,齋藤　実
スポーツインテリジェンス特講,30597,1,3,1,齋藤　実
スポーツ栄養のイノベーション,30593,0,3,3,長谷川　祐子
スポーツ心理の情報分析,30601,0,2,2,平田　大輔
スポーツジャーナリズム論,30588,0,4,3,若井　江利
スポーツ情報戦略,30592,0,4,2,若井　江利
スポーツ政策,30596,1,2,1,若井　江利
スポーツ総合実習,30608,0,1,4,平田　大輔
スポーツと法,30605,1,5,2,合田　雄治郎
スポーツの社会学,30594,1,3,2,出町　一郎
スポーツビジネス,30595,0,3,2,出町　一郎
スポーツ文化の国際比較研究,30604,0,,,李　宇ヨン
スポーツウェルネス（バドミントン）,13078,1,4,1,柏木　悠
スポーツウェルネス（ＰＦＣ）,13079,1,4,1,立花　泰則
スポーツウェルネス（アクアスポーツ）,13080,1,4,1,時任　真一郎
スポーツウェルネス（サッカー）,13081,1,4,1,李　宇ヨン
スポーツウェルネス（マルチスポーツ）,13082,1,4,1,齋藤　実
スポーツウェルネス（テニス）,13083,1,4,1,平田　大輔
スポーツウェルネス（バレーボール）,13084,1,4,1,後藤　肇
スポーツウェルネス（卓球）,13085,1,4,1,檜山　康
スポーツウェルネス（ダンス）,13086,1,4,1,青葉　真紀
スポーツウェルネス（ゴルフ）,13087,1,4,1,永嶋　秀敏
スポーツウェルネス（バスケットボール）,13088,1,4,1,伊澤　英紀
スポーツウェルネス（バドミントン）,13089,1,4,2,柏木　悠
スポーツウェルネス（ＰＦＣ）,13090,1,4,2,立花　泰則
スポーツウェルネス（アクアスポーツ）,13091,1,4,2,時任　真一郎
スポーツウェルネス（サッカー）,13092,1,4,2,李　宇ヨン
スポーツウェルネス（マルチスポーツ）,13093,1,4,2,齋藤　実
スポーツウェルネス（テニス）,13094,1,4,2,平田　大輔
スポーツウェルネス（バレーボール）,13095,1,4,2,後藤　肇
スポーツウェルネス（卓球）,13096,1,4,2,檜山　康
スポーツウェルネス（ダンス）,13097,1,4,2,青葉　真紀
スポーツウェルネス（ゴルフ）,13098,1,4,2,永嶋　秀敏
スポーツウェルネス（バスケットボール）,13099,1,4,2,伊澤　英紀
スポーツウェルネス（集中授業ゴルフ）,13127,0,,,佐竹　弘靖
スポーツウェルネス（集中授業スキー）,13128,1,,,柏木　悠
（再）スポーツウェルネス（ＰＦＣ）,13129,1,2,3,青葉　真紀
（再）スポーツウェルネス（ＰＦＣ）,13130,0,1,3,有山　逸平
（再）スポーツウェルネス（テニス）,13139,1,4,4,栗林　千聡
（再）スポーツウェルネス（バドミントン）,13140,1,5,2,若井　江利
（再）スポーツウェルネス（バドミントン）,13141,1,3,4,相澤　勝治
（再）スポーツウェルネス（ＰＦＣ）,13142,0,5,4,吉田　真由美
（再）スポーツウェルネス（卓球）,13143,0,5,4,島嵜　佑
（再）スポーツウェルネス（卓球）,13144,1,3,3,望月　康司
スポーツリテラシー（バドミントン）,12977,0,4,1,齋藤　実
スポーツリテラシー（ＰＦＣ）,12978,0,4,1,立花　泰則
スポーツリテラシー（卓球）,12979,0,4,1,李　宇ヨン
スポーツリテラシー（マルチスポーツ）,12980,0,4,1,富川　理充
スポーツリテラシー（テニス）,12981,0,4,1,平田　大輔
スポーツリテラシー（アクアスポーツ）,12982,0,4,1,時任　真一郎
スポーツリテラシー（バスケットボール）,12983,0,4,1,後藤　肇
スポーツリテラシー（サッカー）,12984,0,4,1,檜山　康
スポーツリテラシー（ダンス）,12985,0,4,1,青葉　真紀
スポーツリテラシー（ゴルフ）,12986,0,4,1,永嶋　秀敏
スポーツリテラシー（バレーボール）,12987,0,4,1,伊澤　英紀
スポーツリテラシー（バドミントン）,12988,0,4,2,齋藤　実
スポーツリテラシー（ＰＦＣ）,12989,0,4,2,立花　泰則
スポーツリテラシー（卓球）,12990,0,4,2,李　宇ヨン
スポーツリテラシー（マルチスポーツ）,12991,0,4,2,富川　理充
スポーツリテラシー（テニス）,12992,0,4,2,平田　大輔
スポーツリテラシー（アクアスポーツ）,12993,0,4,2,時任　真一郎
スポーツリテラシー（バスケットボール）,12994,0,4,2,後藤　肇
スポーツリテラシー（サッカー）,12995,0,4,2,檜山　康
スポーツリテラシー（ダンス）,12996,0,4,2,青葉　真紀
スポーツリテラシー（ゴルフ）,12997,0,4,2,永嶋　秀敏
スポーツリテラシー（バレーボール）,12998,0,4,2,伊澤　英紀
（再）スポーツリテラシー（卓球）,13131,0,1,3,吉田　清司
（再）スポーツリテラシー（卓球）,13132,0,3,3,相澤　勝治
（再）スポーツウェルネス（ＰＦＣ）,13133,1,3,3,相澤　勝治
（再）スポーツリテラシー（卓球）,13134,0,4,3,栗林　千聡
（再）スポーツリテラシー（ＰＦＣ）,13135,1,5,4,吉田　真由美
（再）スポーツリテラシー（バドミントン）,13136,0,2,3,青葉　真紀
（再）スポーツリテラシー（バドミントン）,13137,1,1,4,有山　逸平
（再）スポーツリテラシー（卓球）,13138,0,1,4,有山　逸平
スポーツ論（オリンピックとスポーツ）,12919,0,2,2,飯田　義明
スポーツ論（オリンピックとスポーツ）,12923,1,2,2,飯田　義明
スポーツ論（健康と生涯スポーツ）,12903,0,4,3,相澤　勝治
スポーツ論（健康と生涯スポーツ）,12911,1,4,3,相澤　勝治
スポーツ論（人類とスポーツ）,12901,0,1,3,佐竹　弘靖
スポーツ論（人類とスポーツ）,12917,1,1,3,佐竹　弘靖
スポーツ論（スポーツコーチング）,12909,0,2,2,吉田　清司
スポーツ論（スポーツコーチング）,12913,1,4,2,富川　理充
スポーツ論（スポーツライフデザイン論）,12905,0,3,3,永嶋　秀敏
スポーツ論（スポーツライフデザイン論）,12921,0,4,2,柏木　悠
スポーツ論（トレーニング科学）,12907,0,1,2,栗林　千聡
スポーツ論（トレーニング科学）,12915,1,1,2,栗林　千聡
精神分析学,29029,1,2,5,森　綾子
政治ジャーナリズム論,30550,1,2,2,山田　健太
政治学入門,11863,0,2,2,川上　洋平
政治学入門,11865,0,5,1,岡田　憲治
政治の世界,11864,1,2,2,妹尾　哲志
政治の世界,11866,1,5,1,岡田　憲治
生物科学１ａ,12318,0,4,2,前川　修吾
生物科学１ａ,12321,0,4,3,前川　修吾
生物科学１ａ,12324,0,5,2,前川　修吾
生物科学１ｂ,12327,1,3,2,前川　修吾
生物科学１ｂ,12330,1,3,3,前川　修吾
生物科学１ｂ,12333,1,4,2,前川　修吾
生物科学２ａ,12336,0,5,1,高部　由季
生物科学２ａ,12339,1,4,1,高部　由季
生物科学２ｂ,12342,0,2,5,桑田　晃
生物科学２ｂ,12345,1,2,5,桑田　晃
生物科学２ｂ,12348,0,3,1,高部　由季
生物科学３ａ,12351,0,1,2,時田　賢一
生物科学３ａ,12354,0,1,5,時田　賢一
生物科学３ａ,12357,0,3,4,時田　賢一
生物科学３ａ,12360,0,3,5,時田　賢一
生物科学３ａ,12363,0,3,2,西　孝子
生物科学３ｂ,12366,1,2,2,西　孝子
生物科学３ｂ,12369,1,3,2,西　孝子
生物科学３ｂ,12372,1,3,4,時田　賢一
生物科学３ｂ,12375,1,3,5,時田　賢一
生物科学Ａ１,12317,0,4,2,前川　修吾
生物科学Ａ１,12320,0,4,3,前川　修吾
生物科学Ａ１,12323,0,5,2,前川　修吾
生物科学Ａ２,12326,1,3,2,前川　修吾
生物科学Ａ２,12329,1,3,3,前川　修吾
生物科学Ａ２,12332,1,4,2,前川　修吾
生物科学Ｂ１,12335,0,5,1,高部　由季
生物科学Ｂ１,12338,1,4,1,高部　由季
生物科学Ｂ２,12341,0,2,5,桑田　晃
生物科学Ｂ２,12344,1,2,5,桑田　晃
生物科学Ｂ２,12347,0,3,1,高部　由季
生物科学Ｃ１,12350,0,1,2,時田　賢一
生物科学Ｃ１,12353,0,1,5,時田　賢一
生物科学Ｃ１,12356,0,3,4,時田　賢一
生物科学Ｃ１,12359,0,3,5,時田　賢一
生物科学Ｃ１,12362,0,3,2,西　孝子
生物科学Ｃ２,12365,1,2,2,西　孝子
生物科学Ｃ２,12368,1,3,2,西　孝子
生物科学Ｃ２,12371,1,3,4,時田　賢一
生物科学Ｃ２,12374,1,3,5,時田　賢一
生命の哲学,29069,1,3,3,檜垣　立哉
西洋哲学史（近代）１,29014,0,1,2,檜垣　立哉
西洋哲学史（近代）２,29015,1,1,2,檜垣　立哉
西洋哲学史（現代）１,29016,0,5,3,宮崎　裕助
西洋哲学史（現代）２,29017,1,5,3,宮崎　裕助
西洋哲学史（古代）,29012,0,4,3,高橋　雅人
西洋哲学史（中世）,29013,1,4,3,高橋　雅人
世界史講義１,29572,0,2,3,田中　比呂志
世界史講義２,29573,1,2,3,田中　比呂志
世界史講義３,29574,0,5,5,庄司　智孝
世界史講義４,29575,1,5,5,庄司　智孝
世界史講義５,29576,0,2,3,宇佐美　久美子
世界史講義６,29577,1,2,3,宇佐美　久美子
世界史講義７,29578,0,4,3,倉橋　良伸
世界史講義８,29579,1,4,3,倉橋　良伸
世界の言語と文化（インドネシア語）,16723,1,3,3,蓮池　隆広
世界の言語と文化（コリア語）,16724,0,5,3,伊藤　英人
世界の言語と文化（コリア語）,16725,0,5,4,伊藤　英人
世界の言語と文化（コリア語）,16729,1,3,4,佐藤　厚
世界の言語と文化（スペイン語）,16720,0,1,2,工藤　由美
世界の言語と文化（スペイン語）,16721,1,1,4,早川　育
世界の言語と文化（中国語）,16717,0,1,1,森　瑞枝
世界の言語と文化（中国語）,16718,0,5,2,愛　みち子
世界の言語と文化（中国語）,16719,1,5,2,愛　みち子
世界の言語と文化（中国語）,16727,0,1,2,森　瑞枝
世界の言語と文化（ドイツ語）,16713,0,1,4,藤由　順子
世界の言語と文化（ドイツ語）,16714,1,1,4,藤由　順子
世界の言語と文化（ドイツ語）,16726,1,3,2,藤由　順子
世界の言語と文化（フランス語）,16715,1,1,4,浦山　健太郎
世界の言語と文化（フランス語）,16716,0,3,3,浦山　健太郎
世界の言語と文化（フランス語）,16728,1,3,3,浦山　健太郎
世界の言語と文化（ロシア語）,16722,1,2,4,清水　真伍
世界の文学,11762,0,5,4,江島　宏隆
世界の文学,11766,0,1,4,宮下　寛司
世界の文学,11770,0,5,4,丸井　憲
世界の文学,11774,0,3,3,岡村　正太郎
世界の文学,11778,0,3,4,黒木　朋興
専修大学入門ゼミナール,10231,0,2,2,齋藤　実
専修大学入門ゼミナール,10232,0,2,2,李　宇ヨン
専修大学入門ゼミナール,10233,0,2,2,若井　江利
専修大学入門ゼミナール,10234,0,2,2,武田　徹
専修大学入門ゼミナール,10235,0,2,2,荻原　和樹
戦争ジャーナリズム論,30551,0,,,松岡　郁子
選択アラビア語１ａ,16705,0,4,2,狩野　希望
選択アラビア語１ｂ,16707,1,4,2,狩野　希望
選択イタリア語１ａ,16709,0,1,4,カーズ　バーバラ
選択イタリア語１ｂ,16711,1,1,4,カーズ　バーバラ
選択コリア語１０１ａ,16506,0,3,2,魏　聖銓
選択コリア語１０１ａ,16514,0,3,3,井ノ上　佐織
選択コリア語１０１ａ,16793,0,4,4,井ノ上　佐織
選択コリア語１０１ｂ,16510,1,3,2,魏　聖銓
選択コリア語１０１ｂ,16518,1,3,3,井ノ上　佐織
選択コリア語１０１ｂ,16797,1,4,4,井ノ上　佐織
選択コリア語１ａ,16505,0,3,2,魏　聖銓
選択コリア語１ａ,16513,0,3,3,井ノ上　佐織
選択コリア語１ａ,16792,0,4,4,井ノ上　佐織
選択コリア語１ｂ,16509,1,3,2,魏　聖銓
選択コリア語１ｂ,16517,1,3,3,井ノ上　佐織
選択コリア語１ｂ,16796,1,4,4,井ノ上　佐織
選択スペイン語１０１ａ,16326,0,2,4,ラバスコ，ルイス
選択スペイン語１０１ａ,16334,0,2,5,ラバスコ，ルイス
選択スペイン語１０１ａ,16342,0,1,4,辻　さやか
選択スペイン語１０１ａ,16350,0,5,2,ラバスコ，ルイス
選択スペイン語１０１ｂ,16330,1,2,4,ラバスコ，ルイス
選択スペイン語１０１ｂ,16338,1,2,5,ラバスコ，ルイス
選択スペイン語１０１ｂ,16346,1,1,4,辻　さやか
選択スペイン語１０１ｂ,16354,1,5,2,ラバスコ，ルイス
選択スペイン語１ａ,16325,0,2,4,ラバスコ，ルイス
選択スペイン語１ａ,16333,0,2,5,ラバスコ，ルイス
選択スペイン語１ａ,16341,0,1,4,辻　さやか
選択スペイン語１ａ,16349,0,5,2,ラバスコ，ルイス
選択スペイン語１ｂ,16329,1,2,4,ラバスコ，ルイス
選択スペイン語１ｂ,16337,1,2,5,ラバスコ，ルイス
選択スペイン語１ｂ,16345,1,1,4,辻　さやか
選択スペイン語１ｂ,16353,1,5,2,ラバスコ，ルイス
選択中国語１０１ａ,16226,0,1,4,永井　匠
選択中国語１０１ａ,16234,0,3,3,周　聖来
選択中国語１０１ａ,16242,0,5,2,陳　怡安
選択中国語１０１ｂ,16230,1,1,4,永井　匠
選択中国語１０１ｂ,16238,1,3,3,周　聖来
選択中国語１０１ｂ,16246,1,5,2,陳　怡安
選択中国語１ａ,16225,0,1,4,永井　匠
選択中国語１ａ,16233,0,3,3,周　聖来
選択中国語１ａ,16241,0,5,2,陳　怡安
選択中国語１ｂ,16229,1,1,4,永井　匠
選択中国語１ｂ,16237,1,3,3,周　聖来
選択中国語１ｂ,16245,1,5,2,陳　怡安
選択ドイツ語１０１ａ,16034,0,1,5,小出　昌弘
選択ドイツ語１０１ａ,16042,0,5,4,糸瀬　龍
選択ドイツ語１０１ｂ,16038,1,1,5,小出　昌弘
選択ドイツ語１０１ｂ,16046,1,5,4,糸瀬　龍
選択ドイツ語１ａ,16033,0,1,5,小出　昌弘
選択ドイツ語１ａ,16041,0,5,4,糸瀬　龍
選択ドイツ語１ｂ,16037,1,1,5,小出　昌弘
選択ドイツ語１ｂ,16045,1,5,4,糸瀬　龍
選択フランス語１０１ａ,16102,0,1,2,鈴木　暁
選択フランス語１０１ａ,16110,0,3,3,リフキ，ハフサ
選択フランス語１０１ｂ,16106,1,1,2,鈴木　暁
選択フランス語１０１ｂ,16114,1,3,3,リフキ，ハフサ
選択フランス語１ａ,16101,0,1,2,鈴木　暁
選択フランス語１ａ,16109,0,3,3,リフキ，ハフサ
選択フランス語１ｂ,16105,1,1,2,鈴木　暁
選択フランス語１ｂ,16113,1,3,3,リフキ，ハフサ
ゼミナール１,30687,0,4,4,李　宇ヨン
ゼミナール１,30689,0,4,4,若井　江利
ゼミナール１,30690,0,4,4,齋藤　実
ゼミナール１,30691,0,3,3,高田　昌幸
ゼミナール１,30692,0,4,4,高島　裕之
ゼミナール１,30693,0,3,3,武田　徹
ゼミナール１,30694,0,2,4,野口　武悟
ゼミナール１,30695,0,4,4,平田　大輔
ゼミナール１,30696,0,3,4,村上　賢司
ゼミナール１,30697,0,3,5,平井　信太郎
ゼミナール１,30698,0,3,3,荻原　和樹
ゼミナール１,30699,0,3,3,山田　健太
ゼミナール１,30700,0,4,4,渡辺　英次
ゼミナール１,30701,0,3,3,松本　淳
ゼミナール１,30702,0,3,3,三木　由希子
ゼミナール２,30703,1,4,4,李　宇ヨン
ゼミナール２,30705,1,4,4,若井　江利
ゼミナール２,30706,1,4,4,齋藤　実
ゼミナール２,30707,1,3,3,高田　昌幸
ゼミナール２,30708,1,4,4,高島　裕之
ゼミナール２,30709,1,3,3,武田　徹
ゼミナール２,30710,1,2,4,野口　武悟
ゼミナール２,30711,1,4,4,平田　大輔
ゼミナール２,30712,1,3,4,村上　賢司
ゼミナール２,30713,1,3,5,平井　信太郎
ゼミナール２,30714,1,3,3,荻原　和樹
ゼミナール２,30715,1,3,3,山田　健太
ゼミナール２,30716,1,4,4,渡辺　英次
ゼミナール２,30717,1,3,3,松本　淳
ゼミナール２,30718,1,3,3,三木　由希子
ゼミナール３,30719,0,4,5,李　宇ヨン
ゼミナール３,30721,0,4,5,若井　江利
ゼミナール３,30722,0,4,5,齋藤　実
ゼミナール３,30723,0,3,4,高田　昌幸
ゼミナール３,30724,0,4,4,高島　裕之
ゼミナール３,30725,0,3,4,武田　徹
ゼミナール３,30726,0,2,4,野口　武悟
ゼミナール３,30727,0,4,5,平田　大輔
ゼミナール３,30728,0,3,3,村上　賢司
ゼミナール３,30729,0,3,4,平井　信太郎
ゼミナール３,30730,0,2,3,松原　文枝
ゼミナール３,30731,0,3,4,山田　健太
ゼミナール３,30732,0,4,5,渡辺　英次
ゼミナール３,30733,0,3,4,松本　淳
ゼミナール３,30734,0,3,4,三木　由希子
ゼミナール４,30735,1,4,5,李　宇ヨン
ゼミナール４,30737,1,4,5,若井　江利
ゼミナール４,30738,1,4,5,齋藤　実
ゼミナール４,30739,1,3,4,高田　昌幸
ゼミナール４,30740,1,4,4,高島　裕之
ゼミナール４,30741,1,3,4,武田　徹
ゼミナール４,30742,1,2,4,野口　武悟
ゼミナール４,30743,1,4,5,平田　大輔
ゼミナール４,30744,1,3,3,村上　賢司
ゼミナール４,30745,1,3,4,平井　信太郎
ゼミナール４,30746,1,2,3,松原　文枝
ゼミナール４,30747,1,3,4,山田　健太
ゼミナール４,30748,1,4,5,渡辺　英次
ゼミナール４,30749,1,3,4,松本　淳
ゼミナール４,30750,1,3,4,三木　由希子
測定・調査実習,30606,1,1,4,渡辺　英次
測量学,30062,0,5,2,縫村　崇行
第二言語習得研究２,27045,1,5,2,小柳　かおる
地域研究１,30051,1,2,3,八木　令子
地域研究２,30052,1,3,5,小森　次郎
地域研究３,30053,0,2,3,池口　明子
地域研究４,30054,1,5,5,飯塚　遼
地域研究５,30055,1,1,2,大貫　良史
地域生態学１,30045,0,5,1,吉田　圭一郎
地域生態学２,30046,1,5,1,吉田　圭一郎
地形環境学１,30041,0,3,1,苅谷　愛彦
地形環境学２,30042,1,3,1,苅谷　愛彦
地誌学概論,30016,1,1,4,山本　充
地誌学１,30039,0,3,2,山本　充
地誌学２,30040,1,3,2,山本　充
知的財産権,30583,1,5,2,二関　辰郎
中国文学史１,27445,0,4,3,廣瀬　玲子
中国文学史２,27446,1,4,3,廣瀬　玲子
中国古代の国家と家族１,29558,0,4,2,多田　麻希子
中国古代の国家と家族２,29559,1,4,2,多田　麻希子
中国語初級１ａ,16151,0,1,2,速水　大
中国語初級１ａ,16153,0,1,2,小川　都
中国語初級１ａ,16155,0,1,2,孔　令玉
中国語初級１ａ,16157,0,1,2,渡部　れい子
中国語初級１ａ,16159,0,1,2,凌　飛
中国語初級１ａ,16161,0,1,3,速水　大
中国語初級１ａ,16163,0,1,3,王　崇梁
中国語初級１ａ,16165,0,1,3,熊坂　聡美
中国語初級１ａ,16167,0,1,3,永井　匠
中国語初級１ａ,16169,0,1,3,渡部　れい子
中国語初級１ａ,16171,0,1,3,小川　都
中国語初級１ａ,16173,0,1,3,孔　令玉
中国語初級１ａ,16175,0,1,3,凌　飛
中国語初級１ａ（再）,16227,0,1,4,永井　匠
中国語初級１ａ（再）,16235,0,3,3,周　聖来
中国語初級１ａ（再）,16243,0,5,2,陳　怡安
中国語初級１ｂ,16152,1,1,2,速水　大
中国語初級１ｂ,16154,1,1,2,小川　都
中国語初級１ｂ,16156,1,1,2,孔　令玉
中国語初級１ｂ,16158,1,1,2,渡部　れい子
中国語初級１ｂ,16160,1,1,2,凌　飛
中国語初級１ｂ,16162,1,1,3,速水　大
中国語初級１ｂ,16164,1,1,3,王　崇梁
中国語初級１ｂ,16166,1,1,3,熊坂　聡美
中国語初級１ｂ,16168,1,1,3,永井　匠
中国語初級１ｂ,16170,1,1,3,渡部　れい子
中国語初級１ｂ,16172,1,1,3,小川　都
中国語初級１ｂ,16174,1,1,3,孔　令玉
中国語初級１ｂ,16176,1,1,3,凌　飛
中国語初級１ｂ（再）,16231,1,1,4,永井　匠
中国語初級１ｂ（再）,16239,1,3,3,周　聖来
中国語初級１ｂ（再）,16247,1,5,2,陳　怡安
中国語初級１ｂ（再）,16249,0,3,5,土屋　昌明
中国語初級２ａ,16199,0,5,1,陳　怡安
中国語初級２ａ,16201,0,5,1,三澤　三知夫
中国語初級２ａ,16203,0,5,1,愛　みち子
中国語初級２ａ,16205,0,5,1,脇山　豪
中国語初級２ａ,16207,0,5,1,張　淑倩
中国語初級２ａ,16209,0,5,2,山田　智
中国語初級２ａ,16211,0,5,3,三澤　三知夫
中国語初級２ａ,16213,0,5,3,脇山　豪
中国語初級２ａ,16215,0,5,3,鄒　笛
中国語初級２ａ,16217,0,5,3,三田村　圭子
中国語初級２ａ,16219,0,5,3,丸井　憲
中国語初級２ａ,16221,0,5,3,山田　智
中国語初級２ａ,16223,0,5,3,愛　みち子
中国語初級２ａ（再）,16251,0,5,5,綾部　武彦
中国語初級２ａ（再）,16255,0,5,2,脇山　豪
中国語初級２ａ（再）,16259,0,5,4,愛　みち子
中国語初級２ｂ,16200,1,5,1,陳　怡安
中国語初級２ｂ,16202,1,5,1,三澤　三知夫
中国語初級２ｂ,16204,1,5,1,愛　みち子
中国語初級２ｂ,16206,1,5,1,脇山　豪
中国語初級２ｂ,16208,1,5,1,張　淑倩
中国語初級２ｂ,16210,1,5,2,山田　智
中国語初級２ｂ,16212,1,5,3,三澤　三知夫
中国語初級２ｂ,16214,1,5,3,脇山　豪
中国語初級２ｂ,16216,1,5,3,鄒　笛
中国語初級２ｂ,16218,1,5,3,三田村　圭子
中国語初級２ｂ,16220,1,5,3,丸井　憲
中国語初級２ｂ,16222,1,5,3,山田　智
中国語初級２ｂ,16224,1,5,3,愛　みち子
中国語初級２ｂ（再）,16253,1,5,5,綾部　武彦
中国語初級２ｂ（再）,16257,1,5,2,脇山　豪
中国語初級２ｂ（再）,16261,1,5,4,愛　みち子
中国語初級２ｂ（再）,16263,0,3,6,土屋　昌明
中国語上級１ａ,16693,0,1,3,蒋　義喬
中国語上級１ｂ,16694,1,1,3,蒋　義喬
中国語中級１ａ,16577,0,4,4,周　偉嘉
中国語中級１ａ,16581,0,4,5,周　偉嘉
中国語中級１ａ,16585,0,5,2,張　淑倩
中国語中級１ａ,16589,0,5,4,綾部　武彦
中国語中級１ａ,16593,0,3,4,周　聖来
中国語中級１ａ,16597,0,3,3,凌　飛
中国語中級１ｂ,16579,1,4,4,周　偉嘉
中国語中級１ｂ,16583,1,4,5,周　偉嘉
中国語中級１ｂ,16587,1,5,2,張　淑倩
中国語中級１ｂ,16591,1,5,4,綾部　武彦
中国語中級１ｂ,16595,1,3,4,周　聖来
中国語中級１ｂ,16599,1,3,3,凌　飛
中国語中級２ａ,16601,0,1,4,三田村　圭子
中国語中級２ａ,16605,0,5,4,鄒　笛
中国語中級２ａ,16609,0,5,5,丸井　憲
中国語中級２ａ,16613,0,5,2,三澤　三知夫
中国語中級２ｂ,16603,1,1,4,三田村　圭子
中国語中級２ｂ,16607,1,5,4,鄒　笛
中国語中級２ｂ,16611,1,5,5,丸井　憲
中国語中級２ｂ,16615,1,5,2,三澤　三知夫
中国思想史,29020,0,1,3,三田村　圭子
中国文学研究１,27437,0,1,2,廣瀬　玲子
中国文学研究２,27438,1,1,2,廣瀬　玲子
中国文学講義１,27414,0,4,2,廣瀬　玲子
中国文学講義２,27415,1,4,2,廣瀬　玲子
調査報道論,30538,1,4,4,大治　朋子
地理学への招待,11869,0,3,2,鈴木　比奈子
地理学への招待,11870,1,3,2,鈴木　比奈子
テキストメディア論,30563,1,4,5,青島　顕
哲学,11819,0,4,3,佐藤　雅男
哲学,11821,1,1,4,金子　淳人
哲学,11823,0,2,5,長谷川　徹
哲学,11825,1,2,5,長谷川　徹
哲学,11827,0,2,2,佐藤　雅男
哲学,11829,1,2,2,佐藤　雅男
哲学概論１,29004,0,3,1,貫　成人
哲学概論２,29005,1,3,1,貫　成人
哲学特殊講義１,29070,1,4,2,出岡　宏
哲学特殊講義２,29071,0,5,2,島津　京
哲学特殊講義３,29072,1,5,2,島津　京
哲学特殊講義４,29073,0,2,2,宮崎　裕助
哲学特殊講義５,29066,1,1,3,佐藤　岳詩
哲学の手ほどき,29003,,2,3,高橋　雅人
テーマ科目（思考と議論）,11261,1,2,3,小島　明彦
テーマ科目（ティーン文化）,11263,0,2,1,中垣　恒太郎
テーマ科目（思春期文化論）,11265,1,2,1,中垣　恒太郎
テーマ科目（イギリス）,11267,0,5,4,小西　恵美
テーマ科目（比較の作法）,11269,1,4,2,恒木　健太郎
デジタルアーカイブ,30620,0,5,4,荻原　和樹
電子出版論,30611,1,5,2,荻原　和樹
伝統文化研究１,27461,0,1,3,宇野　瑞木
伝統文化研究２,27462,1,1,3,宇野　瑞木
データサイエンス実践,10661,1,1,1,黒崎　茂樹
データサイエンス実践,10662,1,1,1,岡戸　順一
データサイエンス実践,10663,1,1,2,黒崎　茂樹
データサイエンス実践,10664,1,1,2,岡戸　順一
データサイエンス実践,10665,1,1,3,黒崎　茂樹
データサイエンス実践,10666,1,1,3,開　和生
データサイエンス実践,10667,1,1,3,横井　利彰
データサイエンス実践,10668,1,1,4,黒崎　茂樹
データサイエンス実践,10669,1,1,4,開　和生
データサイエンス実践,10670,1,1,4,横井　利彰
データサイエンス実践,10671,1,2,1,新保　好美
データサイエンス実践,10672,1,2,2,新保　好美
データサイエンス実践,10673,1,2,3,坂本　航太郎
データサイエンス実践,10674,1,2,3,山本　美紀
データサイエンス実践,10675,1,2,3,最上　健児
データサイエンス実践,10676,1,2,3,佐々木　健太
データサイエンス実践,10677,1,2,3,市川　収
データサイエンス実践,10678,1,2,3,藤井　達也
データサイエンス実践,10679,1,2,4,山本　美紀
データサイエンス実践,10680,1,2,4,岡田　伊策
データサイエンス実践,10681,1,2,4,市川　収
データサイエンス実践,10682,1,2,4,最上　健児
データサイエンス実践,10683,1,3,1,御園生　純
データサイエンス実践,10684,1,4,1,御園生　純
データサイエンス実践,10685,1,4,1,下田　俊樹
データサイエンス実践,10686,1,4,2,御園生　純
データサイエンス実践,10687,1,4,2,下田　俊樹
データサイエンス実践,10688,1,4,2,片岡　寛子
データサイエンス実践,10689,1,4,2,森　一将
データサイエンス実践,10690,1,4,2,出内　将夫
データサイエンス実践,10691,1,4,3,森　一将
データサイエンス実践,10692,1,4,3,黒崎　茂樹
データサイエンス実践,10693,1,4,4,森　一将
データサイエンス実践,10694,1,4,4,黒崎　茂樹
データサイエンス入門,10561,0,1,1,黒崎　茂樹
データサイエンス入門,10562,0,1,1,岡戸　順一
データサイエンス入門,10563,0,1,2,黒崎　茂樹
データサイエンス入門,10564,0,1,2,岡戸　順一
データサイエンス入門,10565,0,1,3,黒崎　茂樹
データサイエンス入門,10566,0,1,3,開　和生
データサイエンス入門,10567,0,1,3,横井　利彰
データサイエンス入門,10568,0,1,4,黒崎　茂樹
データサイエンス入門,10569,0,1,4,開　和生
データサイエンス入門,10570,0,1,4,横井　利彰
データサイエンス入門,10571,0,2,1,新保　好美
データサイエンス入門,10572,0,2,2,新保　好美
データサイエンス入門,10573,0,2,3,坂本　航太郎
データサイエンス入門,10574,0,2,3,山本　美紀
データサイエンス入門,10575,0,2,3,最上　健児
データサイエンス入門,10576,0,2,3,佐々木　健太
データサイエンス入門,10577,0,2,3,市川　収
データサイエンス入門,10578,0,2,3,藤井　達也
データサイエンス入門,10579,0,2,4,山本　美紀
データサイエンス入門,10580,0,2,4,岡田　伊策
データサイエンス入門,10581,0,2,4,市川　収
データサイエンス入門,10582,0,2,4,最上　健児
データサイエンス入門,10583,0,3,1,御園生　純
データサイエンス入門,10584,0,4,1,御園生　純
データサイエンス入門,10585,0,4,1,下田　俊樹
データサイエンス入門,10586,0,4,2,御園生　純
データサイエンス入門,10587,0,4,2,下田　俊樹
データサイエンス入門,10588,0,4,2,片岡　寛子
データサイエンス入門,10589,0,4,2,森　一将
データサイエンス入門,10590,0,4,2,出内　将夫
データサイエンス入門,10591,0,4,3,森　一将
データサイエンス入門,10592,0,4,3,黒崎　茂樹
データサイエンス入門,10593,0,4,4,森　一将
データサイエンス入門,10594,0,4,4,黒崎　茂樹
データ分析入門,10451,0,1,1,伊藤　尚枝
データ分析入門,10452,1,1,1,伊藤　尚枝
特別総合講義,28226,0,4,5,渡邉　真理子
特別支援教育論,37259,1,4,4,角田　真紀子
特別支援教育論,37260,1,4,5,角田　真紀子
都市環境学１,30031,0,5,2,小泉　諒
都市環境学２,30032,1,5,2,小泉　諒
図書館概論,37705,0,4,2,荻原　幸子
図書館基礎特論,37745,1,4,3,荻原　幸子
図書館サービス概論,37713,0,5,3,荻原　幸子
図書館サービス特論,37751,1,2,3,野口　武悟
図書館情報技術論,37709,1,4,4,日向　良和
図書館情報資源概論,37739,1,4,2,荻原　幸子
図書館情報資源特論,37757,1,1,2,桑原　芳哉
図書館制度・経営論,37763,0,4,3,荻原　幸子
ドイツ語初級１ａ,16005,0,1,2,藤由　順子
ドイツ語初級１ａ,16007,0,1,3,山本　裕子
ドイツ語初級１ａ,16009,0,5,1,田中　李奈
ドイツ語初級１ａ,16011,0,5,2,糸瀬　龍
ドイツ語初級１ａ,16013,0,5,3,糸瀬　龍
ドイツ語初級１ａ（再）,16035,0,1,5,小出　昌弘
ドイツ語初級１ａ（再）,16043,0,5,4,糸瀬　龍
ドイツ語初級１ｂ,16006,1,1,2,藤由　順子
ドイツ語初級１ｂ,16008,1,1,3,山本　裕子
ドイツ語初級１ｂ,16010,1,5,1,田中　李奈
ドイツ語初級１ｂ,16012,1,5,2,糸瀬　龍
ドイツ語初級１ｂ,16014,1,5,3,糸瀬　龍
ドイツ語初級１ｂ（再）,16039,1,1,5,小出　昌弘
ドイツ語初級１ｂ（再）,16047,1,5,4,糸瀬　龍
ドイツ語初級２ａ,16023,0,1,2,宮下　寛司
ドイツ語初級２ａ,16025,0,1,3,宮下　寛司
ドイツ語初級２ａ,16027,0,1,3,勅使川原　聖子
ドイツ語初級２ａ,16029,0,5,1,杉田　芳樹
ドイツ語初級２ａ,16031,0,5,3,田中　李奈
ドイツ語初級２ａ（再）,16049,0,1,4,勅使川原　聖子
ドイツ語初級２ａ（再）,16053,0,5,2,杉田　芳樹
ドイツ語初級２ｂ,16024,1,1,2,宮下　寛司
ドイツ語初級２ｂ,16026,1,1,3,宮下　寛司
ドイツ語初級２ｂ,16028,1,1,3,勅使川原　聖子
ドイツ語初級２ｂ,16030,1,5,1,杉田　芳樹
ドイツ語初級２ｂ,16032,1,5,3,田中　李奈
ドイツ語初級２ｂ（再）,16051,1,1,4,勅使川原　聖子
ドイツ語初級２ｂ（再）,16055,1,5,2,杉田　芳樹
ドイツ語上級１ａ,16689,0,2,2,岡村　りら
ドイツ語上級１ｂ,15489,1,3,4,岡村　りら
ドイツ語上級１ｂ,16690,1,2,2,岡村　りら
ドイツ語中級１ａ,16529,0,1,2,勅使川原　聖子
ドイツ語中級１ａ,16533,0,1,3,藤由　順子
ドイツ語中級１ａ,16537,0,3,3,柴田　隆子
ドイツ語中級１ｂ,16531,1,1,2,勅使川原　聖子
ドイツ語中級１ｂ,16535,1,1,3,藤由　順子
ドイツ語中級１ｂ,16539,1,3,3,柴田　隆子
ドイツ語中級２ａ,16541,0,1,4,小出　昌弘
ドイツ語中級２ａ,16545,0,5,2,田中　李奈
ドイツ語中級２ａ,16549,0,5,3,杉田　芳樹
ドイツ語中級２ｂ,16543,1,1,4,小出　昌弘
ドイツ語中級２ｂ,16547,1,5,2,田中　李奈
ドイツ語中級２ｂ,16551,1,5,3,杉田　芳樹
読書と豊かな人間性,38009,1,1,4,畔田　暁子
日本思想史１,29018,0,5,2,出岡　宏
日本思想史２,29019,1,5,2,出岡　宏
日本の思想（近現代以前）,29026,1,4,4,長谷川　徹
日本の宗教と社会,29582,0,1,2,中林　隆之
日本の伝統芸能,29028,0,4,5,出岡　宏
日本文化史１,29532,0,4,5,西坂　靖
日本文化史２,29533,1,4,5,西坂　靖
日本近世の政治と社会１,29548,0,5,4,西坂　靖
日本近世の政治と社会２,29549,1,5,4,西坂　靖
日本近代の政治と社会１,29555,0,3,2,鬼嶋　淳
日本近代の政治と社会２,29557,1,3,2,鬼嶋　淳
日本国憲法,11859,0,3,4,松本　奈津希
日本国憲法,11861,0,3,5,松本　奈津希
日本古代の国家と社会１,29540,0,5,5,田中　禎昭
日本古代の国家と社会２,29542,1,5,5,田中　禎昭
日本古代の国家と宗教１,29544,0,3,4,中林　隆之
日本古代の国家と宗教２,29545,1,3,4,中林　隆之
日本語音声理解１,16754,0,1,3,王　伸子
日本語音声理解１,16756,0,1,2,坂田　睦深
日本語音声理解１,16758,0,5,3,戸田　隼介
日本語音声理解１,16760,0,3,1,坂田　睦深
日本語音声理解１,16762,0,3,4,小川　都
日本語音声理解２,16755,1,1,3,王　伸子
日本語音声理解２,16757,1,1,2,坂田　睦深
日本語音声理解２,16759,1,5,3,戸田　隼介
日本語音声理解２,16761,1,3,1,坂田　睦深
日本語音声理解２,16763,1,3,4,小川　都
日本語教育実習Ａ,27035,,1,2,八田　直美
日本語教育実習Ｂ,27036,,4,2,高橋　雄一
日本語教材研究１,27033,0,4,2,藤本　かおる
日本語教材研究２,27034,1,4,2,藤本　かおる
日本語教授法Ａ－１,27027,0,1,4,八田　直美
日本語教授法Ａ－１,27028,0,4,4,八田　直美
日本語教授法Ａ－２,27029,1,1,4,八田　直美
日本語教授法Ａ－２,27030,1,4,4,八田　直美
日本語教授法Ｂ－１,27031,0,2,3,小川　都
日本語教授法Ｂ－２,27032,1,2,3,小川　都
日本語口頭表現１,16764,0,1,1,坂田　睦深
日本語口頭表現１,16766,0,1,4,山下　治之
日本語口頭表現１,16768,0,1,5,山下　治之
日本語口頭表現１,16770,0,5,4,戸田　隼介
日本語口頭表現１,16772,0,2,2,孔　令玉
日本語口頭表現２,16765,1,1,1,坂田　睦深
日本語口頭表現２,16767,1,1,4,山下　治之
日本語口頭表現２,16769,1,1,5,山下　治之
日本語口頭表現２,16771,1,5,4,戸田　隼介
日本語口頭表現２,16773,1,2,2,孔　令玉
日本語情報処理応用１,27006,0,4,3,丸山　岳彦
日本語情報処理応用２,27007,1,4,3,丸山　岳彦
日本語の語彙・意味２,27021,1,4,2,丸山　岳彦
日本語の資料研究Ｃ－１,27042,0,4,1,岡田　一祐
日本語の資料研究Ｃ－２,27043,1,4,1,岡田　一祐
日本語の文法２,27001,1,4,4,高橋　雄一
日本語の文字・表記２,27049,1,3,3,斎藤　達哉
日本語文章表現１,16774,0,2,2,中之内　夏美
日本語文章表現１,16776,0,2,3,中之内　夏美
日本語文章表現１,16778,0,1,3,山田　昭子
日本語文章表現１,16780,0,2,4,中之内　夏美
日本語文章表現１,16782,0,2,1,山田　昭子
日本語文章表現２,16775,1,2,2,中之内　夏美
日本語文章表現２,16777,1,2,3,中之内　夏美
日本語文章表現２,16779,1,1,3,山田　昭子
日本語文章表現２,16781,1,2,4,中之内　夏美
日本語文章表現２,16783,1,2,1,山田　昭子
日本語文章理解１,16744,0,2,2,山田　昭子
日本語文章理解１,16746,0,1,2,宇佐美　洋
日本語文章理解１,16748,0,3,2,坂田　睦深
日本語文章理解１,16750,0,5,3,大塚　明子
日本語文章理解１,16752,0,1,3,宇佐美　洋
日本語文章理解２,16745,1,2,2,山田　昭子
日本語文章理解２,16747,1,1,2,宇佐美　洋
日本語文章理解２,16749,1,3,2,坂田　睦深
日本語文章理解２,16751,1,5,3,大塚　明子
日本語文章理解２,16753,1,1,3,宇佐美　洋
日本語学概論１,27481,0,5,4,木村　一
日本語学概論２,27482,1,5,4,木村　一
日本史概説１,29506,0,5,4,田中　禎昭
日本史概説２,29507,1,5,4,田中　禎昭
日本中世の法と政治１,29546,0,1,3,湯浅　治久
日本中世の法と政治２,29547,1,1,3,湯浅　治久
日本の文化,11751,0,5,3,幸森　軍也
日本の文化,11753,1,4,2,日向　雅之
日本の文化,11755,0,4,2,日向　雅之
日本の文化,11757,1,5,3,幸森　軍也
日本の文学,11759,1,5,5,川上　隆志
日本の文学,11760,1,4,3,宇野　瑞木
日本の文学,11761,0,4,3,宇野　瑞木
日本文化研究１,27447,0,5,2,川上　隆志
日本文化研究２,27448,1,5,2,川上　隆志
日本文化研究３,27449,0,4,2,桐山　桂一
日本文化研究４,27450,1,4,2,桐山　桂一
日本文化研究５,27451,0,3,2,大浦　誠士
日本文化研究６,27452,1,3,2,大浦　誠士
日本文化研究７,27453,0,5,3,前田　恭二
日本文化研究８,27454,1,5,3,前田　恭二
日本文化講義１,27408,0,3,3,丸井　貴史
日本文化講義２,27409,1,3,3,丸井　貴史
日本文化講義３,27410,0,4,4,蔦尾　和宏
日本文化講義４,27411,1,4,4,蔦尾　和宏
日本文化講義５,27412,0,1,5,山田　昭子
日本文化講義６,27413,1,2,4,奥田　浩司
日本文化講義７,27425,0,5,2,小林　恭二
日本文化講義８,27426,1,5,2,小林　恭二
日本文学概論１,27400,0,4,3,蔦尾　和宏
日本文学概論２,27401,1,4,2,奴田原　諭
日本文学研究１,27427,0,4,1,大浦　誠士
日本文学研究２,27428,1,4,1,大浦　誠士
日本文学研究３,27429,0,5,2,蔦尾　和宏
日本文学研究４,27430,1,5,2,蔦尾　和宏
日本文学研究５,27431,0,4,3,今井　上
日本文学研究６,27432,1,4,3,今井　上
日本文学研究７,27433,0,3,2,鈴木　愛理
日本文学研究８,27434,1,3,2,鈴木　愛理
日本文学講義１,27402,0,3,1,大浦　誠士
日本文学講義２,27403,1,3,1,大浦　誠士
日本文学講義３,27404,0,1,2,今井　上
日本文学講義４,27405,1,1,2,今井　上
日本文学講義５,27406,0,5,5,山口　政幸
日本文学講義６,27407,1,5,5,山口　政幸
日本文学講読,27424,1,5,4,丸井　貴史
日本文学講読１,27422,0,5,4,丸井　貴史
日本文学講読２,27423,1,5,4,丸井　貴史
日本文学通史１,27443,0,4,2,今井　上
日本文学通史２,27444,1,4,2,山口　政幸
農村環境学１,30033,0,4,2,吉田　国光
農村環境学２,30034,1,4,3,吉田　国光
博物館概論,38301,0,6,3,内田　欽三
博物館教育論,38309,1,6,2,水本　和美
博物館経営論,38321,0,6,1,水本　和美
博物館資料保存論,38327,0,6,2,水本　和美
博物館資料論,38302,1,6,3,内田　欽三
博物館実習　（前期）高島裕之・（後期）内田欽三,38355,,5,1,内田　欽三 高島　裕之
博物館実習　（前期）内田欽三・（後期）高島裕之,38356,,5,1,高島　裕之 内田　欽三
博物館実習　（前期）高島裕之・（後期）内田欽三,38357,,5,2,内田　欽三 高島　裕之
博物館実習　（前期）内田欽三・（後期）高島裕之,38358,,5,2,高島　裕之 内田　欽三
博物館実習　（前期）高島裕之・（後期）内田欽三,38359,,6,1,内田　欽三 高島　裕之
博物館実習　（前期）内田欽三・（後期）高島裕之,38360,,6,1,高島　裕之 内田　欽三
博物館実習　（前期）高島裕之・（後期）内田欽三,38361,,6,2,内田　欽三 高島　裕之
博物館実習　（前期）内田欽三・（後期）高島裕之,38362,,6,2,高島　裕之 内田　欽三
博物館情報・メディア論,38335,1,6,1,水本　和美
博物館展示論,38331,1,6,3,高島　裕之
はじめての経営,11897,1,1,1,間嶋　崇
はじめての経営,11898,0,2,1,蔡　イン錫
パフォーマンス論,29060,0,2,1,貫　成人
パブリックメディア論,30560,0,4,1,津山　恵子
比較文化研究１,27459,0,1,2,宇野　瑞木
比較文化研究２,27460,1,1,2,宇野　瑞木
比較文学研究１,27439,0,5,3,丸井　貴史
比較文学研究２,27440,1,5,3,丸井　貴史
東アジア関係論１,29560,0,5,3,田中　正敬
東アジア関係論２,29561,1,5,3,田中　正敬
東アジア考古学１,29580,0,2,2,山本　孝文
東アジア考古学２,29581,1,2,2,山本　孝文
ビジュアル文化論,27418,0,4,4,石田　美紀
美術史ａ,38313,0,5,5,内田　欽三
美術史ｂ,38314,1,5,5,内田　欽三
美術論１,29040,0,3,4,島津　京
美術論２,29041,1,3,4,島津　京
ＰＲ論,30567,1,1,4,平井　信太郎
フェミニズム思想,29062,0,3,1,梁・永山　聡子
フォト・ジャーナリズム論,30544,0,2,2,山田　健太
フランス語初級１ａ,16065,0,1,2,浦山　健太郎
フランス語初級１ａ,16067,0,1,2,根岸　知生
フランス語初級１ａ,16069,0,1,3,浦山　健太郎
フランス語初級１ａ,16071,0,1,3,根岸　知生
フランス語初級１ａ,16073,0,1,3,山口　俊洋
フランス語初級１ａ,16075,0,1,3,リフキ，ハフサ
フランス語初級１ａ（再）,16103,0,1,2,鈴木　暁
フランス語初級１ａ（再）,16111,0,3,3,リフキ，ハフサ
フランス語初級１ｂ,16066,1,1,2,浦山　健太郎
フランス語初級１ｂ,16068,1,1,2,根岸　知生
フランス語初級１ｂ,16070,1,1,3,浦山　健太郎
フランス語初級１ｂ,16072,1,1,3,根岸　知生
フランス語初級１ｂ,16074,1,1,3,山口　俊洋
フランス語初級１ｂ,16076,1,1,3,リフキ，ハフサ
フランス語初級１ｂ（再）,16107,1,1,2,鈴木　暁
フランス語初級１ｂ（再）,16115,1,3,3,リフキ，ハフサ
フランス語初級１ｂ（再）,16117,0,4,2,尾崎　文太
フランス語初級２ａ,16089,0,5,1,ブロシェヌ，フィリップ
フランス語初級２ａ,16091,0,5,1,江島　宏隆
フランス語初級２ａ,16093,0,5,2,江島　宏隆
フランス語初級２ａ,16097,0,5,3,江島　宏隆
フランス語初級２ａ,16099,0,5,3,セブラン，ミカエル
フランス語初級２ａ（再）,16119,0,1,3,鈴木　暁
フランス語初級２ａ（再）,16123,0,2,2,根岸　知生
フランス語初級２ｂ,16090,1,5,1,ブロシェヌ，フィリップ
フランス語初級２ｂ,16092,1,5,1,江島　宏隆
フランス語初級２ｂ,16094,1,5,2,江島　宏隆
フランス語初級２ｂ,16098,1,5,3,江島　宏隆
フランス語初級２ｂ,16100,1,5,3,セブラン，ミカエル
フランス語初級２ｂ（再）,16121,1,1,3,鈴木　暁
フランス語初級２ｂ（再）,16125,1,2,2,根岸　知生
フランス語初級２ｂ（再）,16127,0,1,4,鈴木　暁
フランス語上級１ａ,16691,0,2,4,根岸　知生
フランス語上級１ｂ,16692,1,2,4,根岸　知生
フランス語中級１ａ,16553,0,1,2,山口　俊洋
フランス語中級１ａ,16557,0,2,3,根岸　知生
フランス語中級１ａ,16561,0,3,4,リフキ，ハフサ
フランス語中級２ａ,16565,0,3,2,浦山　健太郎
フランス語中級２ａ,16569,0,5,2,セブラン，ミカエル
フランス語中級２ａ,16573,0,4,3,山口　俊洋
フランス語中級２ｂ,16567,1,3,2,浦山　健太郎
フランス語中級２ｂ,16571,1,5,2,セブラン，ミカエル
フランス語中級２ｂ,16575,1,4,3,山口　俊洋
フランス語中級１ｂ,16555,1,1,2,山口　俊洋
フランス語中級１ｂ,16559,1,2,3,根岸　知生
フランス語中級１ｂ,16563,1,3,4,リフキ，ハフサ
物理学１ａ,12432,0,4,2,小田切　健太
物理学１ａ,12435,0,4,3,水崎　高浩
物理学１ｂ,12438,1,4,2,小田切　健太
物理学１ｂ,12441,1,4,3,水崎　高浩
物理学２ａ,12444,0,4,1,水崎　高浩
物理学２ａ,12447,0,4,2,水崎　高浩
物理学２ｂ,12450,1,4,1,水崎　高浩
物理学２ｂ,12453,1,4,2,水崎　高浩
物理学Ａ１,12431,0,4,2,小田切　健太
物理学Ａ１,12434,0,4,3,水崎　高浩
物理学Ａ２,12437,1,4,2,小田切　健太
物理学Ａ２,12440,1,4,3,水崎　高浩
物理学Ｂ１,12443,0,4,1,水崎　高浩
物理学Ｂ１,12446,0,4,2,水崎　高浩
物理学Ｂ２,12449,1,4,1,水崎　高浩
物理学Ｂ２,12452,1,4,2,水崎　高浩
文化情報資源論（図書館）,30622,0,3,1,橋元　博樹
文化情報資源論（博物館）,30625,0,5,4,高島　裕之
文化地理学,30056,0,2,1,吉野　裕
文化とコミュニケーション２,27047,1,4,4,藤本　かおる
文化の哲学２,29065,0,2,2,貫　成人
文学作品と英語表現,28174,0,5,2,大久保　譲
文学と現代世界,11764,1,5,4,江島　宏隆
文学と現代世界,11768,1,1,4,宮下　寛司
文学と現代世界,11772,1,5,4,丸井　憲
文学と現代世界,11776,1,3,3,岡村　正太郎
文学と現代世界,11780,1,3,4,黒木　朋興
文藝創作１,27441,0,1,3,小林　恭二
文藝創作２,27442,1,1,3,小林　恭二
プロジェクトＡ,30671,0,4,5,高島　裕之
プロジェクトＡ,30672,0,1,5,平井　信太郎
プロジェクトＡ,30673,0,3,5,村上　賢司
プロジェクトＡ,30674,0,4,4,三木　由希子
プロジェクトＡ,30675,0,1,5,平田　大輔
プロジェクトＡ,30676,0,1,5,渡辺　英次
プロジェクトＢ,30677,1,4,5,三木　由希子
プロジェクトＢ,30678,1,1,5,平井　信太郎
プロジェクトＢ,30679,1,3,5,村上　賢司
プロジェクトＢ,30680,1,4,3,高田　昌幸
プロジェクトＢ,30681,1,2,2,李　宇ヨン
プロジェクトＢ,30682,1,3,4,齋藤　実
米国・英語圏の文学と文化,28172,1,3,1,中垣　恒太郎
Basics of English (RL) 1a,14097,0,3,1,宮澤　信彦
Basics of English (RL) 1a,14099,0,3,1,飯塚　聡
Basics of English (RL) 1a,14121,0,3,2,和泉　周子
Basics of English (RL) 1a,14123,0,3,2,冨塚　博之
Basics of English (RL) 1b,14098,1,3,1,宮澤　信彦
Basics of English (RL) 1b,14100,1,3,1,飯塚　聡
Basics of English (RL) 1b,14122,1,3,2,和泉　周子
Basics of English (RL) 1b,14124,1,3,2,冨塚　博之
Basics of English (SW) 1a,14251,0,5,2,太田　由紀子
Basics of English (SW) 1a,14253,0,5,2,三田　良平
Basics of English (SW) 1a,14275,0,5,1,太田　由紀子
Basics of English (SW) 1a,14277,0,5,1,小川　真也
Basics of English (SW) 1b,14252,1,5,2,太田　由紀子
Basics of English (SW) 1b,14254,1,5,2,三田　良平
Basics of English (SW) 1b,14276,1,5,1,太田　由紀子
Basics of English (SW) 1b,14278,1,5,1,小川　真也
放送学,30530,1,2,2,松原　文枝
法と社会,11860,1,4,1,桶田　和子
法と社会,11862,1,5,5,田邊　宏康
ポップカルチャー論,29058,0,1,4,斎藤　文彦
マンガ論,30575,0,3,2,松本　淳
マンガ研究１,27457,0,5,1,岩下　朋世
マンガ研究２,27458,1,2,1,岩下　朋世
マーケティングベーシックス,11899,1,4,4,八島　明朗
南アジア関係論１,29562,0,2,2,志賀　美和子
南アジア関係論２,29563,1,2,2,志賀　美和子
民俗学ａ,38347,0,5,1,中里　亮平
民俗学ｂ,38348,1,5,1,中里　亮平
Media English 1,28162,0,5,1,日高　正司
Media English 2,28163,1,5,1,日高　正司
メディア技術の基礎,30578,1,1,1,星野　好晃
メディア批評,30540,1,4,4,高田　昌幸
メディアコンテンツ制作,30572,0,4,3,松本　淳
メディア・コミュニケーション史,30518,1,1,4,武田　徹
世論調査,30569,1,3,3,松岡　郁子
ヨーロッパの国家と民衆１,29564,0,1,2,松本　礼子
ヨーロッパの国家と民衆２,29565,1,1,2,松本　礼子
ライティング１,30553,1,1,4,三科　清一郎
ライティング２,30554,1,1,5,三科　清一郎
ライフステージと健康情報,30599,1,1,5,渡辺　英次
ラテン語入門１,29044,0,4,5,金澤　修
ラテン語入門２,29045,1,4,5,金澤　修
ラテン語文献講読１,29052,0,3,4,高橋　雅人
ラテン語文献講読２,29053,1,3,4,高橋　雅人
ラテン語文献講読３,29054,0,3,4,高橋　雅人
ラテン語文献講読４,29055,1,3,4,高橋　雅人
ラテン語文献講読５,29056,0,3,4,高橋　雅人
ラテン語文献講読６,29057,1,3,4,高橋　雅人
陸水学,30057,0,2,4,田林　雄
倫理学,11831,0,2,3,長谷川　徹
倫理学,11833,0,2,4,伊吹　浩一
倫理学,11835,0,1,4,金子　淳人
倫理学,11837,0,4,4,上村　佳史
倫理学,11839,1,2,4,伊吹　浩一
倫理学,11841,1,2,3,長谷川　徹
倫理学概論１,29006,0,1,4,佐藤　岳詩
倫理学概論２,29007,1,1,4,佐藤　岳詩
歴史環境学１,30035,0,1,3,三河　雅弘
歴史環境学２,30036,1,1,3,三河　雅弘
歴史と社会・文化,11794,0,2,3,莊　卓燐
歴史と社会・文化,11795,0,3,4,廣川　和花
歴史と社会・文化,11796,1,3,5,鬼嶋　淳
歴史と社会・文化,11797,0,3,5,日暮　美奈子
歴史と社会・文化,11798,1,2,3,莊　卓燐
歴史と地域・民衆,11784,0,4,5,中林　隆之
歴史と地域・民衆,11786,1,4,4,山元　貴尚
歴史と地域・民衆,11787,1,3,2,濱田　晋介
歴史と地域・民衆,11789,1,3,4,土屋　匠平
歴史と地域・民衆,11791,1,1,4,小川　道大
歴史と地域・民衆,11793,1,4,5,高橋　和雅
歴史の視点,11783,0,3,2,濱田　晋介
歴史の視点,11785,0,4,4,山元　貴尚
歴史の視点,11788,0,2,4,土屋　匠平
歴史の視点,11790,0,1,4,小川　道大
歴史の視点,11792,0,4,5,高橋　和雅
ロシア語初級１ａ,16369,0,1,3,原田　義也
ロシア語初級１ａ（再）,16370,0,1,3,原田　義也
ロシア語初級１ａ（再）,16376,0,1,5,原田　義也
ロシア語初級１ｂ,16372,1,1,3,原田　義也
ロシア語初級１ｂ（再）,16373,1,1,3,原田　義也
ロシア語初級１ｂ（再）,16379,1,1,5,原田　義也
ロシア語初級２ａ（再）,16382,0,5,1,原田　義也
ロシア語初級２ａ,16387,0,4,5,桜井　厚二
ロシア語初級２ａ（再）,16388,0,4,5,桜井　厚二
ロシア語初級２ｂ（再）,16385,1,5,1,原田　義也
ロシア語初級２ｂ,16390,1,4,5,桜井　厚二
ロシア語初級２ｂ（再）,16391,1,4,5,桜井　厚二
ロシア語上級１ａ,15496,0,1,5,青山　忠申
ロシア語上級１ａ,16697,0,5,5,原田　義也
ロシア語上級１ｂ,15497,1,1,5,青山　忠申
ロシア語上級１ｂ,16698,1,5,5,原田　義也
ロシア語中級１ａ,16641,0,5,2,原田　義也
ロシア語中級１ｂ,16643,1,5,2,原田　義也
ロシア語中級２ａ,16645,0,4,4,桜井　厚二
ロシア語中級２ｂ,16647,1,4,4,桜井　厚二
論理の哲学,29063,0,5,3,小島　明彦
論理学概論１,29008,0,2,2,小島　明彦
論理学概論２,29009,1,2,2,小島　明彦
論理学入門,11843,0,2,4,小島　明彦
論理学入門,11847,1,5,4,木原　弘行